INICIO_AGF01I2,558460,9581001
PA_D_AG3,558435,9580985
PA_D_AGF01I2,558419,9580987
PA_D_AG1,558438,9580933
COMT_AGF01I2,558460,9581001
DMUM_SG92E2724,558451,9580923
PA_D_F34E0487,558549,9580789
PA_D_FH94E0506,558567,9580794
PA_D_SF34E0409,558472,9580783
BVIRT_FH94E0506,558568,9580793
PA_D_H94E0383,558557,9580916
PA_D_G92E2831,558548,9580924
PA_E_-2691602,558459,9580921
BVIRT_SG92E2724,558451,9580923
DMUM_SF34E0409,558471,9580781
PA_E_-2523928,558466,9580767
PA_E_-2523938,558477,9580631
PA_E_-2523946,558487,9580511
PA_E_-2523948,558479,9580490
PA_E_-2523962,558390,9580482
PA_E_-2523964,558388,9580501
PA_E_-2523970,558299,9580491
PA_E_-2523974,558222,9580486
PA_E_-2524106,558208,9580462
PA_D_F35E2570,558229,9580192
PA_D_F53E2704,558240,9580068
PA_E_-11528486,558268,9579770
PA_D_F35E3265,558296,9579446
PA_E_-3130024,558324,9579113
PA_E_-3130025,558350,9579084
PA_D_U91E4653,558691,9579107
PA_D_U91E4719,558745,9579108
PA_E_-3130105,558883,9579091
PA_E_-3130118,559115,9579084
PA_D_FU91S5343,559383,9579078
BVIRT_SU91E5628,559576,9579079
BVIRT_FU91S5343,559384,9579078
CD_34E0508,558573,9580790
PA_D_FF34E0585,558646,9580797
DMUM_FH94E0506,558568,9580793
BVIRT_FF34E0585,558648,9580797
PA_EL_1196718,558682,9580801
PA_D_U91E5215,559239,9579100
PA_D_FU91E5131,559157,9579099
PA_E_-1563608,559319,9579099
CD_91E5092,559117,9579097
DMUM_FU91E5131,559157,9579100
PA_E_-1563614,559434,9579097
DMUM_SU91E5061,559075,9579095
PA_D_FJ42E1040,559512,9579096
DMUM_FJ42E1040,559460,9579044
PA_D_D_SU91E5547,559592,9579096
PA_D_SU91E5547,559601,9579080
PA_D_U91E5614,559675,9579087
PA_D_SU91E5628,559576,9579079
CD_91E5688,559713,9579092
DMUM_SU91E5628,559575,9579079
DMUM_FK27E0971,559583,9579074
PA_D_RG_U91E5671,559732,9579094
PA_D_4U91E5732,559744,9579095
BVIRT_6U91E5732,559747,9579096
BVIRT_4U91E5732,559745,9579096
bar_1,559733,9579094
bar_2,559734,9579094
PA_D_T80E0970,559375,9579042
PA_E_-10968873,559390,9579070
PA_E_-10968879,559354,9579018
DMUM_FU91S5343,559383,9579078
CD_80E1234,559236,9578811
DMUM_FF34E0585,558647,9580797
CD_34E0585,558666,9580792
CUMT_BCU91E5131,559157,9579102
BVIRT_FU91E5131,559157,9579100
BVIRT_SU91E5732,559747,9579098
DMUM_4U91E5732,559744,9579096
BVIRT_FU91E4939,558977,9579107
PA_D_FU91E4939,558977,9579105
PA_E_-1554294,558901,9579116
PA_D_FU91E4961,558998,9579096
PA_E_-1554287,558801,9579130
PA_D_FU91E5016,559032,9579095
PA_D_FU91E4765,558770,9579130
DMUM_FU91E5016,559030,9579096
BVIRT_SU91E5061,559076,9579095
BVIRT_FU91E4765,558771,9579129
PA_D_FU91E4687,558711,9579132
DMUM_FH94S2125,558712,9579108
CD_27E1076,559537,9578981
BVIRT_FK27E0971,559584,9579074
CD_42E1200,559380,9578906
PA_EL_1227709,559361,9578869
BVIRT_FJ42E1040,559460,9579044
DMUM_SU91E5732,559747,9579098
BVIRT_5U91E5732,559748,9579097
CD_88L2072,558704,9579149
PA_D_A88L2085,558704,9579137
DMUM_FU91E4687,558711,9579133
DMUM_FU91E4961,558998,9579095
CD_61E1143,559013,9578937
CD_91E4735,558758,9579095
DMUM_FU91E4765,558770,9579129
DMUM_FU91E4939,558977,9579107
CD_91E4939,558976,9579118
PA_D_G71L1023,559026,9579098
BVIRT_FG71L1039,559029,9579114
BVIRT_FU91E5016,559030,9579096
PA_D_FY41L1000,558722,9578969
PA_D_O53E0737,558713,9578974
CD_94S2338,558726,9578888
BVIRT_FH94S2125,558712,9579108
PA_D_O53E0661,558635,9578970
BVIRT_FY41L1000,558627,9579010
PA_D_FT21E2000,560136,9579182
PA_D_F90E1070,560090,9579170
BVIRT_SF90E1336,560356,9579226
DMUM_FT21E2000,560156,9579222
PA_D_FF90E1021,560041,9579159
CD_90E1011,560031,9579157
BVIRT_FF90E1021,560042,9579160
PA_D_F90E0912,559933,9579137
PA_D_FF94E0021,559912,9579134
CD_90E0848,559872,9579123
PA_D_F90E0804,559831,9579115
PA_D_U91E5743,559774,9579103
PA_D_5U91E5732,559748,9579095
PA_D_F52E3309,559775,9579099
DMUM_6U91E5732,559747,9579096
DMUM_5U91E5732,559748,9579097
DMUM_SF52E3309,559770,9579084
DMUM_FG71L1039,559029,9579114
CD_71L1039,559032,9579114
DMUM_FY41L1000,558626,9579010
CD_41L1000,558613,9579010
PA_D_SF52E3280,559761,9579054
DMUM_SF52E3280,559758,9579052
BVIRT_SF52E3309,559770,9579084
DMUM_6F52E3280,559762,9579051
DMUM_FF97E0022,560515,9579235
PA_D_FF97E0022,560514,9579260
CD_90E1382,560404,9579237
DMUM_SF90E1636,560648,9579281
DMUM_SF90E1336,560355,9579226
CD_21E1800,560248,9579398
BVIRT_FT21E2000,560157,9579222
PA_EL_1227798,560265,9579429
CD_90E1021,560037,9579174
DMUM_FF90E1021,560041,9579160
PA_D_FF90E1843,560852,9579314
DMUM_FF90E1843,560852,9579313
BVIRT_SF90E1636,560648,9579281
DMUM_SF90E1890,560893,9579309
BVIRT_FF97E0022,560515,9579235
CD_97E0238,560424,9579045
PA_D_F97E0376,560366,9578921
PA_D_FN18E0003,560381,9578887
DMUM_FN18E0003,560381,9578887
PA_D_W30E1001,560350,9578777
PA_D_W29E1196,560325,9578783
CD_30E1035,560312,9578751
PA_D_TW30E1070,560300,9578721
CD_30E1070,560297,9578722
BVIRT_FK30E1753,560057,9578802
PA_D_SF90E1910,560915,9579309
PA_E_-2474992,560950,9579311
BVIRT_SF90E1890,560893,9579309
CD_90E2031,561040,9579320
PA_D_RF90E2085,561087,9579325
BVIRT_RF90E2085,561089,9579327
PA_E_-558710,560841,9579088
PA_E_-558716,560838,9579050
PA_E_-558708,560843,9579123
PA_E_-558718,560836,9579016
PA_E_-558706,560845,9579163
CD_28E0339,560834,9578984
PA_E_-558704,560847,9579189
PA_E_-558696,560851,9579223
CD_28E0065,560857,9579244
PA_D_N28E0001A,560864,9579311
BVIRT_FF90E1843,560852,9579313
BVIRT_FN18E0003,560382,9578887
PA_E_-3093927,560384,9578886
CD_18E0096,560469,9578869
CD_30E1713,560033,9578769
DMUM_FK30E1753,560056,9578802
DMUM_6F90E2085,561089,9579325
PA_D_6F90E2085,561090,9579325
BVIRT_SF90E2130,561109,9579326
DMUM_RF90E2085,561088,9579327
BVIRT_D_RF90E2085,561087,9579325
BVIRT_6F90E2085,561089,9579325
PA_D_SF90E2165,561127,9579329
CD_02E4914,561173,9579207
DMUM_SF90E2130,561109,9579326
DMUM_SF90E2165,561132,9579332
CD_02E4792,561188,9579087
PA_D_FI02E4712,561198,9579007
DMUM_FI02E4712,561198,9579007
PA_D_RG_I02E4519,561176,9578820
PA_D_4I02E4429,561168,9578727
BVIRT_6I02E4429,561168,9578725
BVIRT_4I02E4429,561170,9578728
bar_3,561176,9578819
bar_4,561176,9578818
PA_E_-2475035,561168,9579335
BVIRT_SF90E2165,561132,9579332
PA_E_-2475039,561246,9579344
PA_E_-2475041,561291,9579349
PA_E_-2475043,561334,9579353
PA_D_F90E2345,561363,9579355
PA_E_-2475047,561385,9579361
PA_E_-2475049,561416,9579365
DMUM_SF90E2418,561436,9579368
BVIRT_RI02E4429,561171,9578725
DMUM_4I02E4429,561170,9578728
BVIRT_FI02E4712,561198,9579007
PA_D_T71E0826,561162,9579000
CD_71E1021,560986,9578956
PA_E_-3234290,561738,9579374
PA_E_-3234289,561807,9579360
PA_D_TF90E2616,561634,9579375
PA_E_-3234286,561891,9579323
CD_90E2616,561625,9579409
BVIRT_SF90E2418,561436,9579368
PA_D_TF90E3019,561960,9579259
CD_90E3019,561979,9579275
PA_E_-3227863,562005,9579218
PA_E_-3218561,562232,9578958
CD_90E3475,562285,9578938
PA_EL_2847564,562314,9578932
PA_D_381,562358,9578924
PA_D_F90E3582,562403,9578920
BVIRT_SF90E3628,562446,9578914
DMUM_RI02E4429,561171,9578725
DMUM_5I02E4429,561169,9578723
PA_D_FF90E3763,562596,9578893
DMUM_SF90E3628,562446,9578914
PA_D_SJ32E1001,562633,9578887
DMUM_SJ32E1001,562637,9578882
PA_D_SF90E3942,562763,9578867
BVIRT_SF90E3942,562764,9578867
PA_D_FF90E4120,562934,9578841
DMUM_SF90E4254,563072,9578821
DMUM_FF90E4120,562934,9578842
DMUM_6I02E4429,561168,9578725
PA_D_5I02E4429,561168,9578723
BVIRT_SI02E4385,561160,9578681
BVIRT_5I02E4429,561170,9578723
DMUM_FF90E3763,562596,9578894
CUMT_BCF90E3763,562597,9578896
DMUM_SF90E3942,562763,9578867
CD_90E3942,562765,9578860
PA_D_FF90E4362,563168,9578807
BVIRT_SF90E4254,563072,9578821
BVIRT_FF90E4362,563168,9578806
PA_D_F90E4435,563250,9578794
PA_D_FF90E4431,563294,9578786
PA_D_F90E4460,563323,9578781
DMUM_FF90E4431,563293,9578785
BVIRT_SF90E4501,563363,9578776
BVIRT_D_RJ32E1022,562634,9578858
BVIRT_SJ32E1001,562638,9578882
BVIRT_FF90E4120,562935,9578842
CD_90E4120,562936,9578853
CD_02E3554,560971,9577876
BVIRT_SI02E3446,560928,9577794
PA_D_FI02E3585,560986,9577908
DMUM_FI02E3585,560985,9577909
PA_D_FI83E1122,560997,9577927
PA_D_I83E1000,561009,9577932
PA_D_I02E3620,561003,9577939
DMUM_FI83E1122,561134,9577895
PA_D_I02E3647,561010,9577971
PA_D_FI02E3681,561017,9578004
DMUM_FI02E3681,561017,9578004
PA_D_I02E3821,561046,9578149
PA_D_FI02E3869,561053,9578187
DMUM_FI02E3869,561053,9578188
CD_02E3976,561073,9578279
PA_D_I02E4099,561098,9578400
CD_02E4181,561115,9578480
PA_D_FI02E4204,561120,9578503
DMUM_FI02E4204,561119,9578504
PA_D_FI02E4262,561133,9578561
CD_02E4345,561151,9578641
BVIRT_FI02E4262,561133,9578562
DMUM_SI02E4385,561160,9578681
DMUM_SF90E4563,563424,9578767
DMUM_SF90E4501,563363,9578776
PA_E_-1052955,563130,9578498
PA_E_-1052957,563151,9578486
PA_E_-1052953,563125,9578498
PA_E_-1052959,563190,9578466
PA_E_-1052951,563129,9578535
PA_E_-1052961,563224,9578448
CD_12L1200,563133,9578565
PA_E_-1052963,563250,9578434
PA_D_3243,563164,9578802
PA_E_-1052965,563286,9578437
DMUM_FF90E4362,563167,9578806
PA_E_-1052967,563313,9578438
PA_E_-1052969,563315,9578434
PA_E_-1052971,563297,9578372
PA_E_-1052973,563400,9578376
PA_E_-1052975,563465,9578380
BVIRT_FZ04L1127,563531,9578382
BVIRT_FF90E4431,563293,9578785
CD_90E4431,563288,9578783
PA_D_RJ32E1022,562634,9578858
DMUM_RJ32E1022,562631,9578856
DMUM_6J32E1022,562634,9578856
CD_02E4262,561115,9578566
DMUM_FI02E4262,561132,9578562
BVIRT_FI02E3585,560986,9577909
CD_02E3585,560966,9577918
PA_D_FI02E3422,560908,9577766
DMUM_SI02E3446,560928,9577794
BVIRT_FI02E3422,560909,9577765
PA_D_FI02E3347,560874,9577701
BVIRT_FI02E3347,560873,9577701
PA_E_-1554060,560858,9577670
CD_02E3281,560843,9577642
BVIRT_SI02E3152,560784,9577531
CD_83E1122,561123,9577906
BVIRT_FI83E1122,561135,9577895
BVIRT_FI02E3681,561017,9578004
PA_D_O32L1000,560998,9578010
PA_D_O32L1175,560831,9578062
PA_D_TO87L1201,560828,9578063
CD_87L1201,560821,9578028
PA_D_O87L1115,560853,9578181
CD_49L1070,560756,9578203
PA_EL_1249483,560721,9578212
BVIRT_FI02E3869,561053,9578188
CD_02E3869,561021,9578194
BVIRT_FI02E4204,561120,9578504
CD_02E4204,561096,9578507
PA_D_F90E4876,563695,9578726
PA_D_F90E4922,563738,9578719
CD_90E4832,563651,9578733
PA_D_F90E4963,563779,9578713
PA_D_F90E4668,563527,9578752
PA_D_F90E5007,563824,9578705
PA_E_-11038766,563467,9578761
PA_D_RG_F90E5009,563827,9578705
BVIRT_SF90E4563,563425,9578767
PA_D_FF90E5031,563850,9578701
BVIRT_FF90E5031,563850,9578700
PA_D_FF90E5064,563879,9578696
PA_D_D_TS57E0980,563936,9578673
DMUM_FF90E5064,563878,9578695
CD_57E0980,563945,9578655
DMUM_FZ04L1127,563531,9578382
CD_04L1127,563541,9578381
PA_D_2812,562567,9578460
PA_D_J32E1388,562572,9578499
PA_D_2813,562563,9578430
PA_M_M_FJ32E1485,562598,9578646
PA_M_FJ32E1485,562555,9578406
CD_32E1043,562630,9578833
PA_D_FJ32E1485,562553,9578393
PA_D_6J32E1022,562634,9578854
CD_32E1597,562524,9578293
BVIRT_6J32E1022,562635,9578856
BVIRT_RJ32E1022,562632,9578856
CD_32E1726,562489,9578169
BVIRT_SJ32E1767,562476,9578130
PA_D_FF64E0005,560050,9577248
CD_61E2134,559864,9577206
DMUM_FF64E0005,560040,9577263
PA_D_10489,560097,9577255
PA_D_FF61E2081,559807,9577190
PA_D_TN93E0066,560241,9577271
DMUM_SF61E2020,559756,9577175
DMUM_FF61E2081,559807,9577188
PA_D_FF61E2782,560489,9577341
CD_93E0066,560219,9577212
DMUM_FF61E2782,560489,9577340
PA_D_FF61E2828,560532,9577356
BVIRT_FF61E2828,560533,9577355
CD_61E2872,560571,9577367
PA_D_FF61E2958,560660,9577394
BVIRT_FF61E2958,560662,9577394
CD_02E3107,560762,9577489
DMUM_SI02E3152,560784,9577531
CD_15E0937,560708,9577756
DMUM_FI02E3347,560873,9577701
PA_D_T50E1001,560914,9577758
CD_50E1041,560955,9577745
DMUM_FI02E3422,560909,9577765
PA_D_FF99E0310,563774,9578435
PA_D_F99E0316,563773,9578419
BVIRT_FF99E0310,563774,9578435
PA_D_FF99E0295,563775,9578450
PA_D_3291A,563774,9578378
BVIRT_FF99E0295,563775,9578449
PA_D_FF99E0272,563776,9578461
CD_99E0315,563747,9578322
CD_99E0258,563777,9578475
BVIRT_FF99E0272,563776,9578461
PA_D_F99E0090,563807,9578616
DMUM_FF90E5031,563849,9578700
CD_90E5064,563873,9578690
BVIRT_FF90E5064,563879,9578695
DMUM_FJ32E1485,562555,9578393
CD_98L1178,562722,9578360
DMUM_FJ32E2030,562388,9577879
PA_D_FJ32E2030,562387,9577880
BVIRT_FJ32E2110,562362,9577807
CD_32E1991,562400,9577918
PA_D_J32E1952,562413,9577955
PA_D_SJ33E1010,562426,9577990
DMUM_SJ32E1767,562476,9578130
DMUM_SJ33E1010,562441,9577993
DMUM_SF61E1751,559502,9577085
CD_61E1841,559577,9577110
PA_D_D_TA80L2099,559616,9577126
BVIRT_SF61E2020,559756,9577175
PA_D_10477,559596,9577135
CD_80L2099,559555,9577199
PA_EL_1249348,559539,9577228
PA_D_J64E1384,559831,9577166
CD_64E1626,559907,9577066
BVIRT_FF61E2081,559807,9577188
PA_D_F92E1258,560405,9577100
CD_92E1301,560400,9577059
PA_D_FF24E1155,560408,9577128
PA_D_TF92E1343,560394,9577026
PA_D_F92E1003,560484,9577332
PA_D_F24E1000,560419,9577123
PA_D_F92E1530,560358,9576835
CD_92E1343,560375,9577030
BVIRT_FF61E2782,560489,9577340
DMUM_FF24E1155,560550,9577032
PA_D_TJ89L2325,560319,9576654
PA_D_J89L1970,560295,9576669
PA_D_J89L2033,560349,9576644
PA_D_J89L1938,560261,9576673
CD_89L2325,560612,9576525
PA_D_J89L1818,560144,9576673
CD_64E2403,560310,9576449
PA_EL_2376040,560431,9576290
DMUM_FF61E2828,560533,9577355
CUMT_BCF61E2828,560533,9577353
CD_60E0367,560895,9577277
PA_D_H60E0139,560697,9577379
DMUM_FF61E2958,560661,9577394
PA_D_TK40E1169,560136,9577568
PA_D_10497,560141,9577584
CD_40E1169,559950,9577664
CD_64E0305,560129,9577545
PA_D_F46E0539,560210,9577763
BVIRT_FF64E0005,560041,9577263
CD_64E0575,560229,9577796
DMUM_FF99E0272,563775,9578461
CD_99E0272,563759,9578462
CD_99E0295,563755,9578450
DMUM_FF99E0295,563775,9578449
DMUM_FF99E0310,563774,9578435
CD_99E0310,563772,9578435
CD_51L3125,562429,9577854
BVIRT_FJ32E2030,562388,9577879
PA_D_SJ33E1533,562944,9577858
PA_D_D_TS46E1040,562701,9577923
PA_D_FJ33E1545,562964,9577850
BVIRT_SJ33E1533,562945,9577857
BVIRT_SJ33E1010,562441,9577993
BVIRT_FJ33E1280,562701,9577924
BVIRT_FJ33E1599,563013,9577835
BVIRT_FJ33E1545,562965,9577851
PA_EL_1227887,562563,9577582
CD_96E1208,562537,9577589
PA_D_K96E1000,562322,9577654
PA_D_FT17L0685,562308,9577654
PA_E_-10922699,562274,9577561
PA_D_K96E0986,562302,9577658
DMUM_FJ32E2110,562361,9577807
BVIRT_FT17L0685,562286,9577539
CD_96E0877,562208,9577687
DMUM_FF61E1708,559456,9577074
PA_D_FF61E1708,559456,9577073
PA_D_FU22E2000,559437,9577066
PA_D_10472,559484,9577079
PA_0A-FU22E2000,559443,9577056
DMUM_SF61E1652,559407,9577055
BVIRT_SF61E1751,559503,9577085
BVIRT_FU22E2000,559443,9577055
BVIRT_FF24E1155,560551,9577032
CD_24E1155,560549,9577030
CD_28E2347,563002,9577959
DMUM_FJ33E1545,562964,9577851
CD_33E1707,563113,9577807
PA_D_J33E1635,563048,9577825
DMUM_FJ33E1599,563012,9577835
PA_D_2854,562947,9577853
DMUM_SJ33E1533,562945,9577857
PA_M_TI91L2332,562918,9577698
CD_91L2332,562896,9577618
PA_D_FI91L2509,562853,9577380
DMUM_FN36L0928,562872,9577375
BVIRT_FI91L2509,562853,9577380
PA_D_FI91L2615,562839,9577350
BVIRT_FI91L2615,562838,9577350
PA_D_FI91L2659,562813,9577308
BVIRT_FI91L2659,562813,9577308
CD_91L2703,562806,9577260
PA_E_-10733772,562793,9577208
DMUM_SI91L2802,562788,9577162
BVIRT_FI91L2753,562795,9577208
PA_EL_1227899,562728,9578001
CD_46E1040,562714,9577960
DMUM_FJ33E1280,562701,9577924
DMUM_FT17L0685,562286,9577539
PA_E_-10922708,562373,9577516
PA_E_-10922729,562377,9577509
CD_65L1133,562351,9577385
BVIRT_SF61E1652,559407,9577055
PA_D_SF61E1614,559369,9577043
DMUM_6F61E1614,559368,9577042
BVIRT_SF61E1614,559369,9577040
CD_22E2801,559790,9576345
PA_D_FU22E2836,559809,9576313
PA_D_U22E2761,559774,9576373
DMUM_FU22E2836,559810,9576314
PA_D_FU22E2985,559881,9576185
CD_22E2658,559721,9576467
DMUM_FU22E2985,559881,9576184
CD_22E3027,559899,9576148
PA_D_SU22E2618,559700,9576502
PA_EL_1249388,559915,9576120
PA_D_FU22E2563,559674,9576549
BVIRT_SU22E2618,559700,9576501
PA_D_FM94L1000,559599,9576690
DMUM_FU22E2563,559674,9576550
DMUM_FM94L1000,559590,9576681
PA_D_10408,559596,9576706
CD_22E2299,559558,9576785
CD_19L2076,559668,9576755
PA_D_FU22E2223,559531,9576856
PA_EL_1249372,559683,9576764
DMUM_FU22E2223,559530,9576856
CD_22E2153,559503,9576921
PA_0B-FU22E2001,559444,9577055
DMUM_FU22E2000,559443,9577055
DMUM_SU22E2000,559444,9577056
PA_D_O35E2024,559460,9577087
BVIRT_FF61E1708,559456,9577074
PA_D_FO35E2124,559426,9577177
BVIRT_FO35E2124,559425,9577177
CD_35E2158,559413,9577210
PA_EL_1249331,559405,9577238
DMUM_FO35E2222,559394,9577269
BVIRT_FN36L0928,562873,9577375
CD_36L1030,562968,9577358
CD_17L1115,562701,9577423
DMUM_FI91L2509,562852,9577380
CD_91L2615,562827,9577353
DMUM_FI91L2615,562838,9577350
CD_91L2659,562808,9577309
DMUM_FI91L2659,562812,9577308
CD_91L2753,562828,9577202
DMUM_FI91L2753,562795,9577208
PA_E_-10951287,558949,9576943
DMUM_FX52E2120,558950,9576942
PA_D_FX52E2120,558945,9576945
BVIRT_SX52E2120,558950,9576941
CD_61E1262,559036,9576933
BVIRT_SF61E1144,558903,9576952
PA_D_FF61E1388,559155,9576970
BVIRT_FF61E1388,559156,9576971
CD_61E1433,559198,9576984
PA_D_F61E1445,559210,9576988
DMUM_FF61E1445,559211,9576988
CD_61E1592,559349,9577036
PA_D_6F61E1614,559366,9577042
DMUM_SF61E1614,559369,9577040
BVIRT_6F61E1614,559368,9577042
BVIRT_FU22E2223,559531,9576856
PA_D_M92L1000,559524,9576851
CD_92L1125,559413,9576815
BVIRT_FU22E2985,559882,9576184
PA_D_U25E0320,560041,9576144
PA_D_U55E0529,560244,9576127
PA_D_U55E0544,560255,9576119
CD_55E0739,560337,9575951
PA_EL_1249412,560356,9575917
PA_D_I35L1167,559897,9576356
PA_D_FI35L1084,559892,9576359
BVIRT_FI35L1084,559968,9576399
PA_D_D_FI34L1084,559866,9576392
CD_34L0960,559911,9576323
PA_D_U75E2086,559919,9576453
BVIRT_FU22E2836,559810,9576314
PA_D_D55L0296,559924,9576465
CD_55L0247,559900,9576507
PA_EL_1249380,559883,9576539
PA_D_FD51L0211,559742,9576565
CD_51L0239,559754,9576537
BVIRT_FD51L0211,559742,9576563
PA_D_D51L0175,559737,9576583
PA_D_D51L1046,559725,9576581
BVIRT_FU22E2563,559675,9576550
CD_94L1247,559348,9576702
PA_D_M94L1195,559403,9576699
CD_94L1083,559503,9576688
BVIRT_FM94L1000,559591,9576681
BVIRT_FO35E2319,559344,9577350
PA_D_FO35E2319,559345,9577350
PA_D_O35E2349,559332,9577377
PA_D_O35E2284,559366,9577320
PA_D_O35E2459,559284,9577477
PA_D_O35E2252,559376,9577293
PA_D_X81L1070,559144,9577470
BVIRT_FO35E2222,559395,9577269
PA_D_X84L1000,559139,9577476
CD_84L1083,559131,9577559
CD_36E2960,559339,9577207
PA_E_-10722889,559213,9577252
DMUM_FO35E2124,559425,9577177
PA_E_-10722891,559204,9577260
CD_40L0971,559185,9577267
PA_D_6740,558206,9577077
PA_D_F61E0460,558247,9577068
CD_61E0386,558192,9577079
PA_D_FF98E1004,558348,9577051
PA_D_F88E1200,558251,9577079
PA_D_5F61E0294,558088,9577094
DMUM_FF98E1004,558348,9577046
CD_61E0609,558394,9577042
CD_88E1200,558266,9577172
DMUM_6F61E0294,558085,9577095
DMUM_5F61E0294,558088,9577096
PA_D_FF61E0676,558461,9577029
DMUM_FF93E0732,558454,9577044
BVIRT_FF61E0676,558461,9577029
PA_D_FF61E0708,558493,9577022
BVIRT_FF61E0708,558493,9577021
PA_D_FF61E0767,558548,9577011
PA_D_FF61E1084,558858,9576961
DMUM_FF61E0767,558548,9577011
DMUM_SF61E1144,558903,9576952
DMUM_FF61E1084,558858,9576962
PA_D_TN50L1124,559257,9576510
PA_D_Q31L1061,559209,9576546
PA_D_N50L1193,559309,9576602
CD_30L1090,559302,9576470
PA_D_Q31L1000,559208,9576604
CD_50L1124,559364,9576569
PA_D_Q30L1213,559401,9576401
CD_32L1118,559081,9576633
PA_D_N74L1143,559378,9576369
PA_E_-10951588,559034,9576633
PA_D_U27E2566,559404,9576326
PA_E_-10951587,559016,9576637
CD_23E1193,559434,9576344
PA_E_-10951345,559046,9576769
CD_23E1231,559467,9576363
PA_E_-10951344,559041,9576774
PA_D_U231137,559532,9576401
PA_E_-10951343,558972,9576788
DMUM_SU22E2618,559700,9576501
PA_E_-556507,559539,9576395
PA_E_-10951341,558956,9576794
PA_E_-556521,559553,9576366
CD_52E2040,558957,9576864
PA_E_-557292,559570,9576336
PA_E_-10951288,558950,9576941
PA_D_U26E5684,559588,9576305
BVIRT_FX52E2120,558951,9576942
DMUM_SX52E2120,558950,9576941
CD_26E2714,559602,9576273
CD_61E1445,559215,9576984
BVIRT_FF61E1445,559211,9576988
PA_EL_3098323,559144,9577012
DMUM_FF61E1388,559155,9576971
DMUM_FI35L1084,559968,9576399
CD_35L1084,559968,9576386
DMUM_FD51L0211,559741,9576563
CD_51L0211,559742,9576560
DMUM_FO35E2319,559344,9577350
PA_D_O94L1120,559341,9577352
CD_94L1084,559307,9577348
PA_D_F93E0751,558461,9577025
DMUM_FF93E0896,558434,9576892
DMUM_FF61E0676,558461,9577029
CUMT_BCF61E0708,558492,9577020
DMUM_FF61E0708,558492,9577021
BVIRT_FT55E1989,558819,9577225
CD_55E1808,558709,9577242
PA_D_H06E1128,558595,9577256
PA_D_H06E1360,558554,9577030
BVIRT_FF61E0767,558549,9577011
BVIRT_FF61E1084,558858,9576962
CD_61E1084,558855,9576981
PA_E_4338776,558459,9577066
CD_93E0675,558466,9577100
BVIRT_FF93E0732,558455,9577044
PA_E_4339447,558474,9577135
PA_E_4339973,558484,9577158
PA_E_4340413,558487,9577175
CD_93E0565,558493,9577208
CD_98E1580,558244,9576480
PA_D_D_TE36L1310,558236,9576446
CD_98E1318,558290,9576737
PA_D_6759,558217,9576461
PA_D_FF87E0218,558296,9576400
PA_D_FF98E1264,558300,9576789
PA_D_6760,558209,9576461
BVIRT_FF87E0247,558328,9576374
BVIRT_FF87E0218,558297,9576399
BVIRT_FF98E1264,558301,9576788
PA_D_FF98E1042,558340,9577005
PA_D_FF98E1400,558252,9576604
PA_D_E36L1488,558122,9576340
BVIRT_FF98E1004,558349,9577046
BVIRT_FF98E1042,558341,9577005
DMUM_FF98E1400,558254,9576604
BVIRT_FE36L1488,558121,9576340
PA_D_FE36L1428,558092,9576299
CD_36L1310,558025,9576208
DMUM_FE36L1428,558091,9576300
PA_EL_1249297,558002,9576175
PA_D_6788,557872,9575995
PA_D_Z83L1000,557873,9575988
BVIRT_FZ83L1034,557901,9575967
DMUM_SF61E0294,558086,9577098
BVIRT_5F61E0294,558088,9577096
CD_93E0896,558440,9576890
BVIRT_FF93E0896,558435,9576892
CD_55E1989,558817,9577219
DMUM_FT55E1989,558818,9577225
DMUM_FZ83L1034,557900,9575967
CD_83L1034,557900,9575951
CD_36L1428,558082,9576310
BVIRT_FE36L1428,558092,9576300
PA_E_-3430005,558502,9576751
CD_06E1605,558509,9576787
DMUM_FF98E1264,558301,9576788
BVIRT_FF98E1400,558254,9576604
BVIRT_FI32E3228,558440,9576569
DMUM_FE36L1488,558121,9576340
CD_36L1488,558114,9576347
PA_D_O22E1211,558339,9576076
PA_D_O22E1112,558263,9576138
BVIRT_FF78L0804,558229,9575953
PA_D_L50E0227,558265,9576133
PA_D_O22E1000,558175,9576204
CD_50E0188,558249,9576116
PA_D_J20E0246,558158,9576201
PA_D_J20E0004,558299,9576395
DMUM_FF87E0218,558297,9576399
DMUM_FF87E0247,558327,9576374
CD_87E0416,558464,9576268
DMUM_FF98E1042,558341,9577005
CD_98E1042,558362,9577007
DMUM_FI32E3228,558439,9576569
CD_32E3228,558477,9576562
DMUM_FF78L0804,558229,9575953
CD_78L0804,558223,9575963
INICIO_AGF01I8,558460,9581001
COMT_AGF01I8,558460,9581001
PA_D_AGF01I9,558373,9580987
BVIRT_SG69E3048,558353,9580992
PA_D_G69E3066,558353,9580965
PA_D_F34E0303,558369,9580776
DMUM_SG69E3048,558353,9580992
CD_69E3345,558381,9580675
BVIRT_SG69E3379,558384,9580641
DMUM_SH94E1085,558614,9580238
PA_D_G67E1832,558604,9580362
CD_67E1818,558569,9580360
PA_D_SG67E1614,558408,9580346
DMUM_SG67E1614,558366,9580342
DMUM_SG69E3379,558383,9580641
CD_67E1256,558281,9580335
PA_D_F35E2448,558235,9580330
BVIRT_SG67E1614,558366,9580342
DMUM_SF35E2302,558223,9580466
PA_D_FI10E1543,558696,9580243
DMUM_FI10E1543,558696,9580242
PA_D_TI10E1424,558617,9580237
PA_D_FI10E1733,558889,9580258
BVIRT_SH94E1085,558615,9580238
CD_10E1424,558560,9580232
BVIRT_FI10E1733,558889,9580257
PA_D_I10E1771,558923,9580261
PA_D_FP56E1960,558993,9580267
DMUM_FP56E1960,558989,9580310
CD_10E1882,559035,9580270
PA_D_FI10E2019,559168,9580281
BVIRT_SI10E2122,559266,9580289
BVIRT_SG79E1964,559170,9580269
BVIRT_FI10E2019,559169,9580281
CD_53L0648,559567,9580369
PA_EL_3423002,559559,9580403
PA_E_-10923944,559575,9580338
PA_E_-10923940,559599,9580319
PA_D_TU52E0575,559557,9580314
DMUM_SI10E2529,559678,9580326
PA_D_FT16E3880,559359,9580299
CD_52E0575,559564,9580200
BVIRT_FI10E2217,559359,9580301
CD_10E2171,559316,9580293
PA_EL_1210840,559569,9580171
DMUM_SI10E2122,559265,9580289
BVIRT_FI10E1543,558697,9580242
PA_D_P67E4702,558707,9580121
PA_D_TH17E1650,558724,9580105
DMUM_FP67E4797,558730,9580042
CD_17E1650,558770,9580110
CD_16E2239,558905,9580060
PA_D_J16E2178,558900,9580121
DMUM_FI10E1733,558889,9580257
PA_D_G79E302,559171,9580284
DMUM_FI10E2019,559169,9580281
CD_79E1842,559162,9580383
DMUM_SG79E1964,559169,9580269
DMUM_SG79E1991,559171,9580243
PA_D_TF77L6472,558969,9580544
BVIRT_FP56E1960,558989,9580310
PA_M_TG97E1586,559010,9580547
DMUM_FP56E1680,558965,9580582
CD_77L6472,558893,9580537
PA_D_FP79E1262,559051,9580550
PA_D_P79E1247,559052,9580529
CD_97E1586,559151,9580637
BVIRT_FP79E1262,559065,9580521
PA_D_FE50L1035,559717,9580363
DMUM_FE50L1035,559716,9580363
PA_D_G67E1843,559720,9580441
PA_D_I10E2569,559710,9580330
PA_D_G67E1985,559848,9580450
BVIRT_SI10E2529,559678,9580326
CD_67E1996,559867,9580451
PA_D_G67E2059,559906,9580454
PA_D_L97L1074,559906,9580523
CD_67E2182,560054,9580463
PA_D_L97L1057,559899,9580537
PA_EL_3103255,560154,9580470
BVIRT_FT16E3880,559354,9580336
DMUM_FI10E2217,559359,9580301
CD_53E1556,558781,9579948
PA_EL_2237003,558795,9579949
PA_D_D_TU53E1556,558741,9579946
CD_67E4907,558744,9579923
BVIRT_FP67E4797,558731,9580042
CD_67E4936,558748,9579899
BVIRT_D_R02E2182,558753,9579833
DMUM_SG79E2017,559172,9580211
PA_D_SG79E2017,559173,9580213
BVIRT_6G79E2017,559175,9580211
BVIRT_SG79E1991,559171,9580243
PA_D_T60E0736,558954,9580730
CD_56E1417,558939,9580777
BVIRT_FP56E1680,558966,9580582
PA_EL_1210810,558935,9580812
DMUM_FP79E1262,559064,9580521
CD_79E1262,559068,9580521
BVIRT_FE50L1035,559717,9580363
CD_67L1096,559649,9580426
CD_16E3880,559344,9580327
DMUM_FT16E3880,559354,9580336
PA_D_R02E2182,558753,9579833
CD_02E2234,558800,9579838
PA_186464100,558818,9579840
PA_EL_2259449,558825,9579857
PA_D_6G79E2017,559174,9580209
DMUM_6G79E2017,559175,9580211
BVIRT_SG79E2017,559173,9580211
PA_D_FG79E2044,559176,9580183
PA_D_FG79E2095,559180,9580133
BVIRT_FG79E2044,559175,9580183
PA_D_G79E2148,559184,9580080
BVIRT_FG79E2095,559180,9580133
PA_D_FG79E2228,559191,9580007
BVIRT_FG79E2228,559192,9580007
PA_D_FR02E2688,559194,9579868
CD_02E2698,559267,9579875
BVIRT_FR02E2688,559194,9579868
PA_D_R02E2718,559299,9579878
DMUM_FG79E2095,559179,9580133
CD_81E1935,559139,9580132
CD_53E2097,559342,9580023
PA_D_U53E1900,559230,9580014
DMUM_FG79E2228,559192,9580007
BVIRT_SP15E1006,559309,9579862
BVIRT_D_R02E2718,559300,9579878
CD_02E2596,559075,9579860
DMUM_FR02E2688,559193,9579868
DMUM_FG79E2044,559175,9580183
CD_79E2044,559165,9580182
CD_15E0943,559315,9579801
DMUM_SP15E1006,559308,9579862
PA_E_-2692120,559338,9579585
PA_D_P15E0699,559337,9579550
PA_D_P15E0568,559360,9579395
DMUM_SP15E0539,559393,9579364
DMUM_4P15E0495,559427,9579337
PA_D_4P15E0495,559426,9579336
DMUM_6P15E0495,559428,9579335
BVIRT_SP15E0539,559394,9579364
BVIRT_4P15E0495,559428,9579337
DMUM_RP15E0495,559430,9579337
BVIRT_RP15E0495,559430,9579337
BVIRT_5P15E0495,559431,9579334
BVIRT_6P15E0495,559428,9579335
PA_D_5P15E0495,559430,9579333
CD_15E0445,559459,9579308
DMUM_5P15E0495,559431,9579334
PA_E_-3246781,559664,9579174
PA_D_FT77E2690,559669,9579122
DMUM_FT77E2690,559671,9579122
PA_D_T77E2682,559671,9579110
BVIRT_SU91E5655,559663,9579104
DMUM_FF96E0027,559745,9579130
PA_D_FF96E0027,559742,9579112
PA_E_-3253977,559838,9579127
PA_D_D_FF96E0027,559662,9579103
PA_E_-3253981,559911,9579143
DMUM_SU91E5547,559593,9579096
DMUM_SU91E5655,559663,9579104
DMUM_SF90E0857,559910,9579144
PA_E_-3254039,559956,9579157
PA_E_-3254043,560041,9579174
PA_E_-3254047,560138,9579201
PA_E_-3254049,560170,9579207
PA_E_-3254053,560393,9579260
PA_E_-3254055,560601,9579298
PA_E_-3254057,560750,9579325
PA_E_-3254061,560827,9579333
PA_D_SF90E1825,560892,9579336
DMUM_SF90E1825,560892,9579336
PA_E_-3254065,560922,9579337
PA_D_F90E2020,561091,9579348
DMUM_SF90E2180,561148,9579334
CD_77E2690,559692,9579129
BVIRT_FT77E2690,559671,9579122
BVIRT_SF94E0038,559915,9579146
BVIRT_SF90E0857,559911,9579144
PA_D_FF90E2345,561363,9579355
BVIRT_FF90E2345,561363,9579356
PA_D_F90E2375,561385,9579361
CD_90E2215,561202,9579339
DMUM_SF90E2429,561386,9579372
BVIRT_SF90E2180,561148,9579334
BVIRT_SF90E1825,560893,9579336
PA_D_SI94E1517,560909,9579350
DMUM_SI94E1517,560907,9579368
DMUM_SF90E1910,560915,9579310
CD_96E1710,559734,9579279
BVIRT_FF96E0027,559745,9579130
DMUM_FF94E0021,559915,9579164
DMUM_SF94E0038,559914,9579146
CD_37L1056,561351,9579394
DMUM_FF90E2345,561363,9579356
PA_E_-3234329,561549,9579399
PA_E_-3234330,561473,9579385
PA_D_F90E2710,561721,9579412
BVIRT_SF90E2429,561386,9579372
PA_E_-3234315,561783,9579400
PA_D_6F90E2883,561819,9579389
DMUM_SF90E2883,561823,9579390
DMUM_6F90E2883,561821,9579388
DMUM_4I94E1456,560906,9579423
PA_D_4I94E1456,560905,9579423
BVIRT_6I94E1456,560905,9579425
CD_94E1477,560906,9579404
BVIRT_SI94E1517,560907,9579368
PA_D_F94E0405,560005,9579533
CD_94E0356,559991,9579490
CD_94E0545,560047,9579663
CD_94E0061,559916,9579204
PA_D_F94E0663,560085,9579778
BVIRT_FF94E0021,559916,9579164
PA_EL_2313373,560077,9579785
PA_E_4394685,561945,9579316
PA_D_FF90E2948,561916,9579333
PA_D_FF90E3141,562052,9579196
DMUM_FF90E2948,561917,9579333
PA_D_SF90E2883,561824,9579386
DMUM_FF90E3141,562053,9579197
PA_E_4394706,562118,9579127
BVIRT_SF90E2883,561823,9579390
BVIRT_6F90E2883,561822,9579388
PA_E_-3227840,562259,9578973
PA_E_4394719,562289,9578958
PA_E_4394729,562393,9578942
PA_D_F90E3605,562431,9578939
DMUM_SF90E3857,562673,9578913
DMUM_SZ94E1456,560907,9579425
BVIRT_4I94E1456,560906,9579423
PA_D_L78L1271,562065,9579239
CD_78L1240,562092,9579236
PA_D_L78L1280,562061,9579228
BVIRT_FF90E3141,562053,9579197
PA_D_X23L1275,562159,9579346
PA_D_X23L1308,562200,9579388
PA_D_X23L1230,562141,9579351
PA_D_X23L1415,562159,9579450
PA_D_X23L1037,561957,9579348
CD_23L1530,562158,9579555
BVIRT_FF90E2948,561918,9579333
PA_D_RG_F90E3894,562709,9578907
BVIRT_SF90E4103,562910,9578870
BVIRT_SF90E3857,562674,9578913
bar_5,562710,9578906
bar_6,562711,9578906
BVIRT_SZ94E1456,560908,9579425
BVIRT_5I94E1456,560906,9579427
PA_E_-3208550,563196,9578829
PA_D_FF90E4469,563261,9578817
PA_E_-3208548,562932,9578866
BVIRT_FF90E4469,563262,9578818
DMUM_SF90E4516,563310,9578808
DMUM_SF90E4103,562910,9578870
DMUM_5I94E1456,560906,9579427
PA_D_5I94E1456,560905,9579427
PA_D_6I94E1449,560904,9579430
DMUM_6I94E1456,560905,9579425
DMUM_6I94E1449,560902,9579432
BVIRT_RI94E1449,560907,9579432
PA_D_X83E1843,563262,9578958
PA_D_EL_2837441,563272,9579047
PA_D_D_EL_2837405,563282,9578959
PA_EL_2837441,563347,9579046
PA_D_D_TX84E1604,563277,9579097
CD_83E1950,563270,9578853
PA_D_EL_2837405,563333,9578956
PA_D_X84E1635,563273,9579097
CD_84E1604,563304,9579095
PA_D_FX83E1695,563268,9579135
PA_D_X83E1990,563265,9578821
PA_D_Z22E1044,563358,9578954
PA_D_Z23E1000,563330,9578937
PA_D_EL_2837469,563206,9579101
PA_D_X84E1453,563457,9579080
PA_D_FX83E1635,563254,9579167
DMUM_FF90E4469,563262,9578818
PA_D_Z22E1065,563374,9578939
PA_D_Z23E1031,563314,9578911
PA_EL_2837469,563189,9579008
PA_D_EL_2837471,563139,9579107
CD_84E1437,563478,9579078
BVIRT_FX83E1635,563280,9579162
PA_D_FX83E1640,563252,9579185
PA_D_EL_2837403,563443,9578930
PA_EL_2837405,563297,9578874
PA_EL_2837471,563126,9579036
CD_84E1804,563125,9579109
PA_EL_2837463,563594,9579067
BVIRT_FX83E1640,563251,9579185
CD_12L1794,563054,9579227
PA_D_Q17L1000,563440,9578900
CD_22E1157,563465,9578927
PA_EL_2721695,563085,9579114
PA_EL_2837403,563434,9578832
PA_EL_2837401,563501,9578923
PA_D_EL_2837479,563056,9579115
PA_EL_2837479,563061,9579044
PA_D_DFSEFSDF,563016,9579118
PA_EL_2721695_,562991,9579120
PA_D_O72L1000,563012,9579096
PA_D_O72L1089,562996,9579009
PA_D_O72L1114,562996,9578984
PA_EL_2837481,563129,9578968
BVIRT_SF90E4516,563311,9578808
BVIRT_SF90E4574,563370,9578799
PA_D_FI94E1127,560887,9579751
DMUM_FI94E1127,560887,9579751
CD_94E0927,560837,9579938
PA_D_I94E1207,560891,9579673
PA_D_FI94E0912,560828,9579948
CD_94E1238,560892,9579638
DMUM_FI94E0912,560828,9579947
DMUM_FI94E0892,560811,9579967
PA_D_11175,560832,9579949
PA_D_FI94E1241,560892,9579635
CD_84E1336,560989,9580237
PA_D_RG_I94E1331,560897,9579544
BVIRT_FI94E1241,560891,9579635
PA_D_Q84E1515,561041,9580342
PA_D_RI94E1449,560904,9579433
BVIRT_SQ84E1544,561069,9580399
DMUM_RI94E1449,560906,9579432
bar_7,560897,9579544
bar_8,560897,9579545
DMUM_FX83E1635,563280,9579162
PA_D_X83E1665,563305,9579159
CD_83E1665,563311,9579166
DMUM_FX83E1640,563251,9579185
CD_48L1774,562994,9579195
DMUM_SF90E4574,563369,9578799
BVIRT_SF90E4631,563427,9578789
PA_D_X93E3143,561418,9580654
PA_D_X93E3017,561322,9580725
PA_D_FX93E3000,561428,9580648
DMUM_FX93E3000,561300,9580731
CD_84E1888,561334,9580637
PA_D_R53E2580,561433,9580649
PA_D_Q84E1818,561260,9580610
PA_D_Q84E1638A,561125,9580464
CD_84E1610,561104,9580441
DMUM_SQ84E1544,561068,9580399
PA_D_J87E1000,560686,9580121
CD_87E1148,560759,9580246
PA_D_I94E0740,560716,9580083
PA_EL_1249747,560775,9580274
PA_D_FI94E0774,560749,9580042
BVIRT_FI94E0892,560812,9579967
DMUM_FI94E0774,560749,9580042
CD_94E0912,560822,9579943
BVIRT_FI94E0912,560828,9579947
PA_D_I95E1235,561120,9579756
CD_95E1122,561006,9579754
CD_95E1480,561363,9579761
BVIRT_FI94E1127,560888,9579751
DMUM_FI94E1241,560891,9579635
CD_94E1241,560873,9579637
BVIRT_D_RI94E1449,560905,9579433
BVIRT_6I94E1449,560903,9579432
PA_D_F90E4937,563721,9578741
BVIRT_SF90E4967,563749,9578737
PA_E_-3208552,563463,9578783
DMUM_SF90E4631,563427,9578789
CD_53E2290,561638,9580898
BVIRT_D_R53E2580,561433,9580649
PA_D_FR53E2210,561684,9580960
DMUM_FR53E2210,561685,9580960
PA_D_R53E2130,561712,9580998
CD_93E2910,561224,9580782
BVIRT_FX93E3000,561300,9580731
PA_M_TX95E2630,561148,9580839
PA_D_X93E2773,561125,9580857
PA_D_X94E2107,561279,9581065
PA_D_X95E2700,561279,9581070
PA_D_FX95E2693,561273,9581078
BVIRT_FX95E2693,561273,9581077
CD_95E2630,561232,9581127
PA_EL_1249918,561210,9581154
CD_94E0774,560755,9580046
BVIRT_FI94E0774,560750,9580042
DMUM_SF90E4967,563749,9578737
PA_D_FM46L1092,563782,9578732
PA_E_-3208589,563983,9578703
DMUM_FM46L1092,563784,9578756
BVIRT_SF90E5211,564012,9578687
BVIRT_FR53E1895,561842,9581171
PA_D_FR53E1895,561842,9581171
BVIRT_D_R53E2130,561713,9580998
BVIRT_FR53E1763,561920,9581277
BVIRT_FR53E2210,561685,9580960
PA_D_D74L1280,561928,9580779
CD_74L1325,561950,9580762
BVIRT_FD74L1424,562038,9580695
DMUM_FX95E2693,561273,9581077
CD_95E2693,561269,9581072
DMUM_SF90E5211,564012,9578687
PA_D_SF90E5262,564032,9578675
BVIRT_SF90E5262,564049,9578695
PA_D_F90E5170,563970,9578663
PA_D_SS57E1051,563978,9578587
DMUM_SS57E1051,563977,9578587
PA_D_S57E1086,563981,9578554
PA_D_S57E1122,563985,9578523
PA_D_4S57E1298,563986,9578349
DMUM_6S57E1298,563987,9578346
DMUM_4S57E1298,563988,9578350
BVIRT_FM46L1092,563784,9578756
CD_22E1489,563804,9578888
PA_D_R53E1673,561990,9581387
DMUM_FR53E1763,561919,9581277
CD_97L1000,561799,9581193
DMUM_FR53E1895,561841,9581171
CD_74L1424,562032,9580689
DMUM_FD74L1424,562037,9580695
BVIRT_RS57E1298,563991,9578349
BVIRT_4S57E1298,563988,9578350
DMUM_FF90E5487,564200,9578862
PA_D_TF90E5445,564167,9578826
CD_90E5352,564110,9578763
DMUM_SF90E5262,564049,9578695
PA_D_D_SS57E1051,563953,9578585
BVIRT_SS57E1051,563978,9578587
CD_57E1243,563967,9578395
PA_D_S57E1276,563969,9578362
DMUM_SS57E1562,564056,9578089
BVIRT_D_R53E1673,561991,9581387
CD_53E1557,562058,9581469
PA_D_R53E1450,562120,9581554
BVIRT_5S57E1298,563990,9578344
DMUM_RS57E1298,563991,9578349
PA_D_FF19E0241,564968,9578951
DMUM_FF19E0241,564974,9578971
CD_90E6366,565003,9578933
CD_90E6020,564670,9579042
PA_D_F90E6483,565083,9578887
PA_D_FF90E5917,564589,9579057
PA_D_FF90E6483,565104,9578875
BVIRT_FF90E5917,564589,9579058
PA_D_F90E5860,564519,9579068
BVIRT_FF90E6483,565104,9578874
PA_D_F90E6774,565363,9578738
BVIRT_FF90E5487,564200,9578862
CD_90E6857,565427,9578684
BVIRT_FF90E6937,565476,9578619
PA_D_S57E1899,564147,9577764
BVIRT_SS57E1944,564161,9577720
PA_D_FW70L1000,564145,9577806
PA_D_S57E1809,564132,9577849
DMUM_FW70L1000,564142,9577805
DMUM_SS57E1765,564132,9577895
BVIRT_SS57E1562,564056,9578089
DMUM_SS57E1013,563952,9578623
PA_D_R53E1045,562407,9581842
BVIRT_D_R53E1450,562121,9581554
PA_D_SS57E1765,564132,9577896
BVIRT_SS57E1765,564132,9577895
PA_D_S57E1864,564163,9577802
PA_D_5356,564107,9577975
PA_D_S57E1895,564173,9577773
PA_D_S57E1674,564104,9577986
PA_D_FV80L2175,564222,9577613
PA_D_S57E1464,564040,9578184
PA_D_S57E2130,564246,9577539
DMUM_FV80L2175,564229,9577620
CD_57E1336,563999,9578306
BVIRT_SS57E2130,564245,9577539
PA_EL_3490267,564255,9577512
PA_D_5S57E1298,563987,9578343
DMUM_5S57E1298,563989,9578344
BVIRT_6S57E1298,563987,9578346
CD_19E0241,565012,9579211
BVIRT_FF19E0241,564975,9578971
CD_36L1120,564651,9579205
DMUM_FF90E5917,564589,9579058
CD_50L2164,565094,9578546
PA_D_T50L2248A,564980,9578599
PA_D_4217,565047,9578717
PA_D_4216,565018,9578732
DMUM_FF90E6483,565103,9578874
CD_60E0982,565496,9578574
DMUM_FF90E6937,565476,9578619
PA_D_EL_1287798,565508,9578575
PA_EL_1287798,565535,9578641
PA_D_F60E7286,565685,9578330
PA_D_FF90E7827,565714,9578289
DMUM_FF90E7827,565996,9577891
PA_EL_1287845,565583,9578206
CD_70L1135,564009,9577785
PA_D_FW70L1060,564085,9577797
BVIRT_FW70L1000,564143,9577805
DMUM_FW70L1060,564085,9577796
DMUM_SS57E1944,564160,9577720
CD_57E1989,564173,9577675
PA_D_FS57E2030,564188,9577633
PA_D_FV80L2105,564197,9577602
DMUM_FV80L2105,564164,9577608
PA_D_6S57E2129,564210,9577553
DMUM_SS57E2129,564213,9577552
BVIRT_6S57E2129,564211,9577551
PA_E_-11063934,562561,9581974
CD_53E0713,562661,9582066
BVIRT_D_R53E1045,562407,9581842
PA_D_R53E0666,562688,9582084
PA_D_W08L1022,564276,9577640
CD_08L1000,564268,9577662
PA_D_W08L1025,564259,9577631
PA_D_V80L2199,564242,9577629
BVIRT_FV80L2175,564229,9577620
PA_D_F60E8074,566174,9577729
BVIRT_FF90E7827,565997,9577891
PA_D_F60E8145,566221,9577675
CD_60E8214,566263,9577622
BVIRT_FW70L1060,564086,9577796
CD_70L1060,564085,9577786
CUMT_BCS57E2030,564193,9577634
DMUM_FS57E2030,564191,9577633
DMUM_FV93L1000,563887,9577379
PA_D_FV93L1000,563881,9577389
DMUM_SV80L1628,563788,9577255
DMUM_FV82L1015,563859,9577427
PA_D_FV80L2000,564064,9577572
CD_80L2037,564098,9577583
BVIRT_FV80L2000,564065,9577571
BVIRT_FV80L2105,564164,9577608
BVIRT_SS57E2129,564213,9577552
PA_D_SS57E2129,564210,9577549
DMUM_6S57E2129,564210,9577551
PA_D_57E2147,564215,9577535
DMUM_SS57E2130,564245,9577539
PA_D_S57E2215,564250,9577466
PA_D_S57E2421,564399,9577319
PA_D_S57E2513,564476,9577268
PA_D_S57E2788,564687,9577125
BVIRT_SS57E2812,564709,9577111
CD_53E0597,562735,9582109
PA_D_FR53E0397,562921,9582214
BVIRT_D_R53E0666,562689,9582084
CD_75E0943,563030,9582016
BVIRT_FR53E0397,562921,9582214
PA_D_R75E0983,563045,9581989
DMUM_FV80L0991,563900,9576608
PA_D_FV80L0991,563886,9576666
PA_D_V80L1076,563871,9576724
CD_03L0934,563798,9576639
CD_80L1204,563842,9576849
CD_03L0798,563673,9576606
PA_D_V80L1375,563799,9577013
BVIRT_SV80L1628,563788,9577255
DMUM_FV80L2000,564064,9577571
CD_80L2000,564080,9577536
PA_D_V80L2079,564096,9577500
PA_D_V82L1000,563845,9577426
PA_D_FV88L1000,563819,9577446
BVIRT_FV82L1015,563860,9577427
DMUM_FV88L0911,563792,9577398
BVIRT_FV88L1000,563826,9577453
PA_D_V82L0940,563796,9577464
CD_82L0853,563726,9577515
CD_93L1238,564042,9577195
CD_93L1096,563947,9577302
PA_D_FV93L1025,563902,9577358
BVIRT_FV93L1000,563888,9577379
DMUM_FV93L1025,563903,9577357
PA_D_S57E3325,565130,9576841
BVIRT_SS57E3483,565284,9576742
CD_57E2924,564805,9577052
DMUM_SS57E2812,564709,9577111
BVIRT_D_R75E0983,563046,9581989
PA_D_K94E1072,563104,9582021
DMUM_FR55E1347,563109,9582020
PA_D_13311,562875,9582722
CD_73E0381,562855,9582758
PA_D_13307,562695,9582626
PA_D_13306,562719,9582582
CD_75E0680,562898,9582257
DMUM_FR53E0397,562921,9582214
BVIRT_FKS2002,563947,9576293
CD_80L0696,563951,9576322
BVIRT_FV80L0991,563900,9576608
BVIRT_FV88L0911,563792,9577398
CD_88L0744,563750,9577255
CD_88L1181,563961,9577570
DMUM_FV88L1000,563826,9577453
BVIRT_FV93L1025,563903,9577357
PA_D_V94L1000,563924,9577354
BVIRT_FV94L1195,564072,9577466
PA_D_S57E3568,565333,9576712
CD_57E3750,565485,9576615
DMUM_SS57E3483,565284,9576742
PA_D_FS57E3888,565589,9576552
DMUM_FS57E3888,565590,9576552
PA_D_FX16L1000,565738,9576455
DMUM_SS57E4144,565817,9576406
DMUM_FX16L1000,565731,9576451
PA_D_13348,563285,9581712
CD_55E1662,563264,9581747
PA_D_13353,563409,9581495
BVIRT_FR55E1347,563110,9582020
CD_31E1042,563481,9581537
DMUM_FKS2002,563946,9576293
CD_TKS2002,563960,9576278
CD_94L1195,564071,9577470
DMUM_FV94L1195,564072,9577466
BVIRT_FS57E4403,566030,9576270
PA_D_FS57E4403,566030,9576271
PA_E_-1243359,566026,9576273
CD_57E4440,566060,9576251
PA_D_S57E4236,565894,9576358
BVIRT_SS57E4751,566250,9576002
BVIRT_SS57E4144,565817,9576406
CD_16L1080,565684,9576387
BVIRT_FX16L1000,565732,9576451
CD_90L1075,565652,9576649
PA_D_X90L1000,565612,9576587
BVIRT_FS57E3888,565590,9576552
BVIRT_FS57E4873,566307,9575899
PA_D_FS57E4873,566307,9575900
PA_D_FZ36L1000,566351,9575813
DMUM_SS57E4751,566249,9576002
PA_D_S57E5056,566380,9575769
BVIRT_FZ36L1000,566386,9575822
PA_D_SW91E1492,566437,9575679
DMUM_SW91E1492,566458,9575688
CD_57E5267,566493,9575589
PA_D_SS57E5304,566510,9575560
BVIRT_SS57E5304,566511,9575560
PA_D_FH63L1036,566525,9575537
DMUM_FH63L1036,566507,9575550
PA_D_S57E5364,566540,9575510
DMUM_SS57E5394,566555,9575486
CD_57E4403,566025,9576268
DMUM_FS57E4403,566029,9576270
CD_57E5424,566569,9575460
PA_D_FS57E5546,566631,9575356
BVIRT_SS57E5394,566555,9575486
DMUM_FS57E5546,566632,9575356
CD_57E5574,566647,9575331
PA_D_FS57E5609,566664,9575300
PA_D_TS57E5729,566727,9575205
BVIRT_FS57E5729,566728,9575206
CD_57E5761,566748,9575170
PA_D_FX59N1000,566796,9575085
DMUM_SX53E1370,566826,9575098
DMUM_FX59N1000,566716,9575097
PA_D_S57E5924,566832,9575033
PA_D_FS57E6047,566889,9574938
PA_D_FK79E1210,566966,9574779
DMUM_FS57E6047,566889,9574939
DMUM_FK79E1210,566996,9574801
PA_D_9131,566981,9574732
PA_D_FS55E6333,567006,9574669
DMUM_SS57E6392,567022,9574621
BVIRT_FS55E6333,567006,9574669
DMUM_SW91E1459,566485,9575702
PA_D_6W91E1459,566482,9575703
BVIRT_SW91E1492,566458,9575688
BVIRT_6W91E1459,566485,9575704
BVIRT_FW90E0226,566729,9575675
PA_D_90E0196,566728,9575676
PA_D_SW90E0208,566737,9575680
PA_D_FW90E0323,566683,9575658
DMUM_SW90E0208,566738,9575679
CD_90E0196,566744,9575683
BVIRT_FW90E0323,566684,9575658
PA_D_W90E0498,566531,9575567
CD_90E0136,566773,9575678
DMUM_SS57E5304,566510,9575560
BVIRT_FH63L1036,566507,9575550
CD_01L0964,566438,9575563
CD_36L0910,566465,9575859
CD_36L0971,566408,9575832
DMUM_FZ36L1000,566385,9575822
PA_D_J56L1141,566190,9575828
CD_56L1179,566155,9575805
PA_D_J56L1000,566307,9575898
PA_D_H73L0545,566121,9575783
DMUM_FS57E4873,566307,9575899
PA_D_H73L0547,566118,9575781
BVIRT_FH73L0700,566198,9575647
DMUM_6S57E6428,567030,9574578
PA_D_4S57E6428,567030,9574580
DMUM_4S57E6428,567028,9574580
BVIRT_SS57E6392,567022,9574621
PA_D_TY28E0994,567122,9575542
CD_28E0994,567137,9575624
CD_59E1406,567140,9575499
PA_D_SKS1628,567165,9575709
PA_D_TW11E0518,567173,9575448
PA_E_-2952446,567192,9575714
PA_D_FY28E0775,567101,9575810
PA_E_-9759743,567141,9575444
PA_D_8946,567228,9575350
PA_E_-2952448,567241,9575719
BVIRT_SY28E0744,567078,9575846
BVIRT_FY28E0775,567101,9575809
CD_11E0518,566989,9575383
PA_D_8945,567232,9575344
DMUM_SKS1628,567253,9575690
PA_D_8943,567131,9575286
CD_53E1040,567103,9575270
BVIRT_SX53E1370,566826,9575098
CD_57E5546,566660,9575359
BVIRT_FS57E5546,566632,9575356
DMUM_FZ10L0886,567364,9575133
PA_D_Z10L0886,567363,9575133
PA_E_-6973677,567346,9575159
PA_D_Z10L0931,567377,9575109
CD_10L1297,567331,9575183
PA_D_FZ10L0886,567416,9575039
CD_51W0411,567279,9575269
PA_D_Z09L0925,567405,9575042
PA_E_-1572301,567436,9575013
PA_E_-1572278,567346,9575007
CD_10L1065,567457,9574989
PA_E_-1572252,567336,9574991
CD_05E0404,567353,9574964
PA_E_-1572232,567361,9574952
PA_E_-1572164,567372,9574933
PA_E_-1572156,567388,9574908
CD_06E0045,567359,9574889
PA_D_K80E2100,567254,9574834
PA_D_FK79E1073,567112,9574873
DMUM_FK79E1073,567112,9574872
CD_79E1109,567089,9574857
BVIRT_FK79E1210,566996,9574801
CD_86L1115,566515,9575314
DMUM_FS57E5609,566663,9575301
CD_59N1116,566615,9575151
PA_D_X64N0950,566592,9575207
PA_D_D_TX59N1116,566627,9575118
CD_66N1160,566420,9575114
PA_D_TX60E1000,566675,9575053
CD_59N1035,566682,9575104
DMUM_FX66N1164,566359,9575073
PA_D_FX76N2000,566570,9574988
CD_60E1000,566699,9575019
BVIRT_FX59N1000,566717,9575097
DMUM_FX76N2000,566545,9575059
CD_61N1000,566602,9574957
CD_57E1020,566970,9574698
PA_D_9132,566988,9574684
DMUM_FS55E6333,567005,9574669
CD_57E5729,566751,9575215
DMUM_FS57E5729,566727,9575206
CD_57E6047,566900,9574956
BVIRT_FS57E6047,566890,9574939
DMUM_6W91E1459,566484,9575704
PA_D_SW91E1459,566486,9575705
BVIRT_SW91E1459,566486,9575702
CD_91E1437,566506,9575718
PA_D_W91E1411,566531,9575733
CD_91E1381,566560,9575750
PA_D_FWE91E1352,566588,9575766
BVIRT_FW91E1352,566588,9575767
PA_D_FW91E1301,566617,9575784
BVIRT_FW91E1301,566617,9575784
PA_D_FW91E1262,566639,9575793
DMUM_FW91E1262,566638,9575793
CD_91E1228,566669,9575809
CD_91E1190,566705,9575833
CD_91E1110,566776,9575879
PA_D_FW91E1075,566802,9575895
DMUM_FW91E1075,566803,9575894
PA_D_FS59E0903,566869,9575936
PA_0A-59E0903,566871,9575939
CD_68E0957,566897,9575900
DMUM_SS59E0903,566870,9575942
BVIRT_FS59E0903,566873,9575941
PA_D_FW91E1000,566917,9575874
BVIRT_FW91E1000,566916,9575873
PA_D_WE91E1018,566930,9575886
DMUM_SW91E0950,566952,9575878
DMUM_FW90E0226,566728,9575675
CD_15L1001,566746,9575642
DMUM_FW90E0323,566684,9575658
CD_12E5389,566755,9575558
BVIRT_SW90E0208,566738,9575679
CD_90E0208,566752,9575661
DMUM_FH73L0700,566197,9575647
CD_73L0700,566184,9575640
BVIRT_4S57E6428,567028,9574580
DMUM_RS57E6428,567028,9574578
DMUM_FY28E0775,567100,9575809
CD_28E0775,567082,9575792
BVIRT_FZ10L0886,567364,9575133
CD_10L0886,567382,9575149
BVIRT_FK79E1073,567112,9574872
BVIRT_FK79E1219,567158,9574738
PA_E_-1151470,566269,9575020
PA_E_-1151818,566236,9575002
PA_E_-1151468,566308,9575038
CD_66N1350,566203,9574985
PA_E_-1151466,566336,9575057
PA_E_-1151853,566358,9575073
PA_D_M14431,566297,9575153
BVIRT_FX66N1164,566360,9575073
CD_79L2300,566036,9575005
PA_D_U92L1000,566481,9574896
PA_D_U92L0937,566535,9574927
PA_D_TX76N2185,566425,9574995
CD_93L1000,566566,9574868
BVIRT_FX76N2000,566546,9575059
CD_76N2185,566411,9574988
CD_93L1268,566704,9574642
BVIRT_FU93L1314,566727,9574596
CD_91E0860,567039,9575856
PA_D_W91E1184,567071,9575848
BVIRT_SW91E0950,566953,9575878
PA_D_SY28E0744,567077,9575847
PA_0B-T34L1135,567092,9575865
DMUM_SY28E0744,567078,9575846
BVIRT_FT34L1135,567095,9575866
BVIRT_ST34L1135,567093,9575868
CD_91E1262,566631,9575796
BVIRT_FW91E1262,566638,9575793
CD_91E1000,566909,9575868
DMUM_FW91E1000,566916,9575873
BVIRT_FW91E1075,566803,9575894
BVIRT_FE63O0976,566814,9575873
CD_15L1160,566756,9576378
PA_E_-425232,566736,9576357
CD_15L1360,566623,9576249
CD_15L1520,566496,9576133
PA_D_5393,566439,9576077
PA_D_5392,566441,9576069
CD_12E4879,566503,9575967
CD_12E4989,566559,9575876
DMUM_FW91E1301,566616,9575784
CD_91E1352,566586,9575775
DMUM_FW91E1352,566588,9575767
CD_59E0708,566835,9576123
CD_59E0668,566844,9576165
CD_59E0748,566825,9576081
CD_59E0648,566847,9576185
CD_59E0774,566821,9576067
PA_D_S59E0628,566850,9576195
PA_D_S59E0798,566814,9576044
CD_59E0588,566891,9576205
PA_D_FS59E0827,566840,9576004
PA_D_SS59E0521,566961,9576219
BVIRT_FS59E0827,566839,9576003
CD_59E0817,566842,9575999
CD_59E0508,566973,9576222
BVIRT_SS59E0521,566961,9576218
CD_59E0833,566844,9575995
PA_EL_3377252,567001,9576226
PA_D_FS59E0868,566861,9575969
PA_E_-3058012,566862,9575967
BVIRT_FS59E0868,566861,9575969
BVIRT_FS59E0878,566864,9575967
CD_59E0883,566863,9575964
PA_0B-59E0903,566872,9575944
BVIRT_SS59E0903,566871,9575942
DMUM_FS59E0903,566873,9575941
DMUM_FK79E1219,567157,9574738
CD_79E1219,567176,9574745
CD_93L1314,566743,9574605
DMUM_FU93L1314,566727,9574596
PA_D_FT34L1086,567123,9575906
BVIRT_FT34L1086,567125,9575906
PA_D_D_FT34L1073,567124,9575910
CD_34L1108,567110,9575888
PA_D_FT34L1073,567130,9575916
PA_D_K93E1337,567109,9575912
PA_0A-T34L1135,567095,9575870
PA_E_-10730336,567150,9575959
CD_93E1337,567109,9575914
PA_D_K93E1278,567037,9575938
DMUM_FT34L1135,567094,9575866
DMUM_ST34L1135,567092,9575868
CD_34L0993,567171,9575984
PA_D_K93E1270,567029,9575944
PA_EL_3378555,567189,9576005
CD_93E1215,567000,9575986
CD_93E1205,566990,9575999
BVIRT_SK93E1180,566967,9576033
CD_63O0976,566809,9575863
DMUM_FE63O0976,566813,9575873
CD_93E1120,566934,9576083
PA_D_K93E1140,566944,9576066
PA_D_K93E1100,566922,9576099
DMUM_SK93E1180,566966,9576033
PA_E_-3309109,566923,9576123
CD_93E1046,566937,9576150
PA_D_K93E1020,566957,9576180
CD_93E0978,566962,9576187
DMUM_SS59E0521,566961,9576218
DMUM_FS59E0878,566863,9575967
CD_59E0878,566887,9575969
CD_59E0827,566835,9576001
DMUM_FS59E0827,566839,9576003
DMUM_FS59E0868,566861,9575969
CD_59E0869,566855,9575965
DMUM_FT34L1086,567124,9575906
BVIRT_FT34L1132,567146,9575914
CD_34L1132,567153,9575914
DMUM_FT34L1132,567146,9575914
