Element,  Total(W), Total(var),  I2R(W), I2X(var), No-load(W), No-load(var)
Transformer.TRAFO_1, 37946.64, 577009.5, 19190.27, 483227.6, 18756.37, 93781.83
Line.INICIO, 37.46536, -205.3963, 37.46536, -205.3963, 0, 0
Transformer.34E0508_TR1, 0.002779103, 555.7997, 0.002779103, 0.09264563, 1.598721E-014, 555.707
Transformer.91E5092_TR1, 0.001702324, 340.453, 0.001702324, 0.05674974, 0, 340.3963
Transformer.91E5688_TR1, 0.0025618, 512.341, 0.0025618, 0.08540156, 1.776357E-015, 512.2556
Transformer.80E1234_TR1, 0.001718818, 343.752, 0.001718818, 0.05729964, 0, 343.6947
Transformer.34E0585_M_1, 0.003688551, 737.6862, 0.003688551, 0.1229641, 1.776357E-015, 737.5632
Transformer.27E1076_TR1, 0.001707273, 341.4443, 0.001707273, 0.05691497, 1.776357E-015, 341.3873
Transformer.42E1200_TR1, 0.002568194, 513.6193, 0.002568194, 0.08561464, -1.421085E-014, 513.5337
Transformer.88L2072_TR1, 0.0051013, 1020.224, 0.0051013, 0.17006, -2.4869E-014, 1020.054
Transformer.61E1143_TR1, 0.002563394, 512.6606, 0.002563394, 0.08545484, -1.421085E-014, 512.5752
Transformer.91E4735_M_1, 0.001700623, 340.1132, 0.001700623, 0.0566931, 0, 340.0565
Transformer.91E4939_M_1, 0.003402907, 680.5589, 0.003402907, 0.1134416, 1.421085E-014, 680.4455
Transformer.91E4939_TR1, 0.001020881, 204.1677, 0.001020881, 0.03403248, -3.552714E-015, 204.1337
Transformer.94S2338_TR1, 0.003399996, 679.9751, 0.003399996, 0.1133443, 1.065814E-014, 679.8617
Transformer.90E1011_TR1, 0.002537338, 507.448, 0.002537338, 0.08458596, -1.24345E-014, 507.3635
Transformer.90E0848_TR1, 0.00338372, 676.7213, 0.00338372, 0.1128019, -1.421085E-014, 676.6085
Transformer.71L1039_M_1, 0.006806673, 1361.294, 0.006806673, 0.2269126, 2.842171E-014, 1361.067
Transformer.41L1000_M_1, 0.01132675, 2265.27, 0.01132675, 0.3775953, 9.947598E-014, 2264.892
Transformer.90E1382_TR1, 0.0009998054, 199.9527, 0.0009998054, 0.03332989, 8.881784E-016, 199.9194
Transformer.21E1800_TR1, 0.001007411, 201.4741, 0.001007411, 0.0335835, 8.881784E-016, 201.4406
Transformer.90E1021_M_1, 0.002536584, 507.2985, 0.002536584, 0.08456103, -1.598721E-014, 507.2139
Transformer.97E0238_TR1, 0.000996395, 199.27, 0.000996395, 0.03321609, 0, 199.2367
Transformer.30E1035_TR1, 0.0009961319, 199.2173, 0.0009961319, 0.03320732, -3.552714E-015, 199.1841
Transformer.30E1070_M_1, 0.001660189, 332.0254, 0.001660189, 0.05534494, -1.421085E-014, 331.97
Transformer.90E2031_TR1, 0.003275028, 654.9855, 0.003275028, 0.1091788, 0, 654.8764
Transformer.28E0339_TR1, 0.001645583, 329.1058, 0.001645583, 0.05485827, -1.776357E-015, 329.0509
Transformer.28E0065_TR1, 0.003291345, 658.246, 0.003291345, 0.1097223, -3.552714E-015, 658.1363
Transformer.18E0096_TR1, 0.002501485, 500.2802, 0.002501485, 0.08339116, -1.421085E-014, 500.1968
Transformer.30E1713_TR1, 0.0009960119, 199.1939, 0.0009960119, 0.03320341, 0, 199.1607
Transformer.02E4914_TR1, 0.003257738, 651.5267, 0.003257738, 0.1086023, -1.065814E-014, 651.4181
Transformer.02E4792_TR1, 0.001624993, 324.9864, 0.001624993, 0.05417163, 7.105427E-015, 324.9323
Transformer.71E1021_TR1, 0.0006488151, 129.76, 0.0006488151, 0.02162955, -3.552714E-015, 129.7384
Transformer.90E2616_TR1, 0.0006510846, 130.2141, 0.0006510846, 0.02170525, 3.552714E-015, 130.1924
Transformer.90E3019_TR1, 0.0009743837, 194.8691, 0.0009743837, 0.03248251, 0, 194.8366
Transformer.90E3475_TR1, 0.001619154, 323.8202, 0.001619154, 0.05397723, 0, 323.7662
Transformer.90E3942_M_1, 0.006451526, 1290.259, 0.006451526, 0.2150718, -2.842171E-014, 1290.044
Transformer.90E4120_M_1, 0.001611502, 322.2907, 0.001611502, 0.05372229, 0, 322.237
Transformer.02E3554_TR1, 0.003174776, 634.9346, 0.003174776, 0.1058365, 0, 634.8288
Transformer.02E3976_TR1, 0.00159929, 319.8481, 0.00159929, 0.05331512, 0, 319.7948
Transformer.02E4181_TR1, 0.0009632173, 192.6354, 0.0009632173, 0.03211018, 0, 192.6033
Transformer.02E4345_TR1, 0.001610321, 322.0537, 0.001610321, 0.05368278, 0, 322.0001
Transformer.12L1200_TR1, 0.001609332, 321.8541, 0.001609332, 0.05364951, 7.105427E-015, 321.8005
Transformer.90E4431_M_1, 0.001608653, 321.7197, 0.001608653, 0.0536271, 0, 321.6661
Transformer.02E4262_M_1, 0.001607745, 321.539, 0.001607745, 0.05359698, 1.421085E-014, 321.4854
Transformer.02E3585_M_1, 0.001588374, 317.6643, 0.001588374, 0.05295111, 1.421085E-014, 317.6113
Transformer.02E3281_TR1, 0.0009480747, 189.6071, 0.0009480747, 0.03160539, 0, 189.5755
Transformer.83E1122_M_1, 0.001589002, 317.7892, 0.001589002, 0.05297193, 7.105427E-015, 317.7362
Transformer.87L1201_TR1, 0.0009546649, 190.925, 0.0009546649, 0.03182508, 2.664535E-015, 190.8932
Transformer.49L1070_TR1, 0.001590905, 318.1712, 0.001590905, 0.05303561, -7.105427E-015, 318.1182
Transformer.02E3869_M_1, 0.001596609, 319.3103, 0.001596609, 0.05322547, 0, 319.2571
Transformer.02E4204_M_1, 0.002419796, 483.9429, 0.002419796, 0.0806679, -3.552714E-015, 483.8622
Transformer.90E4832_TR1, 0.001605913, 321.1717, 0.001605913, 0.05353576, -7.105427E-015, 321.1182
Transformer.57E0980_TR1, 0.0003208979, 64.17806, 0.0003208979, 0.01069777, 8.881784E-016, 64.16736
Transformer.04L1127_M_1, 0.001608965, 321.7827, 0.001608965, 0.05363761, -7.105427E-015, 321.7291
Transformer.32E1043_TR1, 0.002431126, 486.2049, 0.002431126, 0.08104495, 1.065814E-014, 486.1238
Transformer.32E1597_TR1, 0.003222695, 644.5198, 0.003222695, 0.1074343, 2.842171E-014, 644.4123
Transformer.32E1726_TR1, 0.0006443648, 128.8697, 0.0006443648, 0.02148116, 8.881784E-016, 128.8483
Transformer.61E2134_TR1, 0.0015515, 310.2881, 0.0015515, 0.05172158, 1.776357E-015, 310.2364
Transformer.93E0066_TR1, 0.001560556, 312.0985, 0.001560556, 0.05202335, 0, 312.0465
Transformer.61E2872_TR1, 0.001569136, 313.8178, 0.001569136, 0.05230994, 0, 313.7655
Transformer.02E3107_TR1, 0.0009452428, 189.0406, 0.0009452428, 0.03151096, 3.552714E-015, 189.0091
Transformer.15E0937_TR1, 0.0009490847, 189.8092, 0.0009490847, 0.03163909, 8.881784E-016, 189.7776
Transformer.50E1041_TR1, 0.001583811, 316.751, 0.001583811, 0.05279887, 7.105427E-015, 316.6982
Transformer.99E0315_M_1, 0.01438036, 2875.938, 0.01438036, 0.4793868, 0, 2875.458
Transformer.99E0258_TR1, 0.0006400542, 128.0083, 0.0006400542, 0.02133756, 1.776357E-015, 127.987
Transformer.90E5064_M_1, 0.002417445, 483.473, 0.002417445, 0.08058958, 0, 483.3924
Transformer.98L1178_TR1, 0.004834429, 966.8472, 0.004834429, 0.1611627, -1.421085E-014, 966.686
Transformer.32E1991_TR1, 0.000966248, 193.2408, 0.000966248, 0.0322111, 3.552714E-015, 193.2086
Transformer.61E1841_TR1, 0.0009267134, 185.3355, 0.0009267134, 0.03089338, -8.881784E-016, 185.3046
Transformer.80L2099_TR1, 0.003090757, 618.1295, 0.003090757, 0.1030353, 0, 618.0264
Transformer.64E1626_TR1, 0.001550013, 309.9932, 0.001550013, 0.05167243, -8.881784E-015, 309.9416
Transformer.92E1301_TR1, 0.000939571, 187.907, 0.000939571, 0.031322, 3.552714E-015, 187.8757
Transformer.92E1343_TR1, 0.002359211, 471.8233, 0.002359211, 0.0786477, 3.552714E-015, 471.7446
Transformer.89L2325_TR1, 0.00156546, 313.0817, 0.00156546, 0.05218724, 0, 313.0295
Transformer.64E2403_TR1, 0.0003131172, 62.62202, 0.0003131172, 0.0104384, 8.881784E-016, 62.61158
Transformer.60E0367_TR1, 0.0006285588, 125.7085, 0.0006285588, 0.02095421, 3.552714E-015, 125.6876
Transformer.40E1169_TR1, 0.00155549, 311.0888, 0.00155549, 0.05185504, -1.421085E-014, 311.0369
Transformer.64E0305_TR1, 0.0009333376, 186.6603, 0.0009333376, 0.0311142, -8.881784E-016, 186.6292
Transformer.64E0575_TR1, 0.002343338, 468.6477, 0.002343338, 0.07811837, -3.552714E-015, 468.5696
Transformer.99E0272_M_1, 0.001599889, 319.9665, 0.001599889, 0.05333486, -7.105427E-015, 319.9131
Transformer.99E0295_M_1, 0.006398895, 1279.734, 0.006398895, 0.2133174, 0, 1279.52
Transformer.99E0310_M_1, 0.004798417, 959.6407, 0.004798417, 0.1599614, 2.842171E-014, 959.4807
Transformer.51L3125_TR1, 0.0009662168, 193.2357, 0.0009662168, 0.03221024, -4.440892E-015, 193.2034
Transformer.96E1208_TR1, 0.0009661126, 193.214, 0.0009661126, 0.03220663, -3.552714E-015, 193.1818
Transformer.96E0877_TR1, 0.0009661076, 193.2131, 0.0009661076, 0.03220647, -8.881784E-016, 193.1809
Transformer.24E1155_M_1, 0.001566171, 313.2228, 0.001566171, 0.05221076, 0, 313.1706
Transformer.28E2347_TR1, 0.000643829, 128.763, 0.000643829, 0.02146336, -3.552714E-015, 128.7416
Transformer.33E1707_TR1, 0.001609568, 321.9045, 0.001609568, 0.05365791, 0, 321.8508
Transformer.91L2332_TR1, 0.000321888, 64.37573, 0.000321888, 0.01073072, 0, 64.365
Transformer.91L2703_TR1, 0.001609239, 321.8358, 0.001609239, 0.05364646, 0, 321.7822
Transformer.46E1040_TR1, 0.0009659616, 193.1848, 0.0009659616, 0.03220175, -4.440892E-015, 193.1525
Transformer.65L1133_TR1, 0.001610161, 322.0206, 0.001610161, 0.05367725, 7.105427E-015, 321.9669
Transformer.22E2801_TR1, 0.00153453, 306.8967, 0.00153453, 0.05115627, -8.881784E-015, 306.8455
Transformer.22E2658_TR1, 0.002312801, 462.5442, 0.002312801, 0.07710098, 7.105427E-015, 462.4671
Transformer.22E3027_TR1, 0.002311451, 462.273, 0.002311451, 0.07705577, -3.552714E-015, 462.1959
Transformer.22E2299_TR1, 0.001537666, 307.5229, 0.001537666, 0.05126066, 0, 307.4717
Transformer.19L2076_TR1, 0.001536341, 307.2583, 0.001536341, 0.05121655, 7.105427E-015, 307.2071
Transformer.22E2153_TR1, 0.00153902, 307.7943, 0.00153902, 0.0513059, 7.105427E-015, 307.743
Transformer.35E2158_TR1, 0.00154094, 308.1758, 0.00154094, 0.05136948, -7.105427E-015, 308.1244
Transformer.36L1030_TR1, 0.000965521, 193.0955, 0.000965521, 0.03218688, 0, 193.0633
Transformer.17L1115_TR1, 0.000965544, 193.101, 0.000965544, 0.03218779, 0, 193.0688
Transformer.91L2615_M_1, 0.001609263, 321.8408, 0.001609263, 0.05364729, 7.105427E-015, 321.7872
Transformer.91L2659_M_1, 0.002424607, 484.903, 0.002424607, 0.08082794, -7.105427E-015, 484.8222
Transformer.91L2753_M_1, 0.002424573, 484.8992, 0.002424573, 0.08082732, 0, 484.8184
Transformer.61E1262_TR1, 0.00153504, 306.9969, 0.00153504, 0.05117297, 0, 306.9457
Transformer.61E1433_TR1, 0.001537386, 307.4656, 0.001537386, 0.0512511, 7.105427E-015, 307.4144
Transformer.61E1592_TR1, 0.002319769, 463.9363, 0.002319769, 0.07733302, -3.552714E-015, 463.8589
Transformer.92L1125_TR1, 0.002317943, 463.5732, 0.002317943, 0.0772725, 0, 463.4959
Transformer.55E0739_TR1, 0.000920479, 184.088, 0.000920479, 0.03068543, -3.552714E-015, 184.0573
Transformer.34L0960_TR1, 0.0006136684, 122.7298, 0.0006136684, 0.0204577, 0, 122.7094
Transformer.55L0247_TR1, 0.001534034, 306.7963, 0.001534034, 0.05113953, 0, 306.7451
Transformer.51L0239_TR1, 0.001535179, 307.0238, 0.001535179, 0.05117746, 0, 306.9726
Transformer.94L1247_TR1, 0.003071475, 614.2725, 0.003071475, 0.1023924, 0, 614.1701
Transformer.94L1083_TR1, 0.002314323, 462.8476, 0.002314323, 0.07715156, -3.552714E-015, 462.7704
Transformer.84L1083_TR1, 0.000924121, 184.8161, 0.000924121, 0.03080679, 0, 184.7853
Transformer.36E2960_TR1, 0.001540746, 308.1383, 0.001540746, 0.05136323, -7.105427E-015, 308.0869
Transformer.40L0971_TR1, 0.00154041, 308.0703, 0.00154041, 0.05135189, 1.776357E-015, 308.0189
Transformer.61E0386_TR1, 0.002301007, 460.1854, 0.002301007, 0.07670779, -7.105427E-015, 460.1087
Transformer.61E0609_TR1, 0.003055313, 611.0443, 0.003055313, 0.1018543, 0, 610.9425
Transformer.88E1200_TR1, 0.001527171, 305.4235, 0.001527171, 0.0509107, 0, 305.3726
Transformer.30L1090_TR1, 0.002304028, 460.79, 0.002304028, 0.07680858, -7.105427E-015, 460.7132
Transformer.50L1124_TR1, 0.002303938, 460.7723, 0.002303938, 0.07680563, 7.105427E-015, 460.6955
Transformer.32L1118_TR1, 0.001530761, 306.1419, 0.001530761, 0.05103045, 7.105427E-015, 306.0908
Transformer.23E1193_TR1, 0.002303382, 460.6622, 0.002303382, 0.07678727, 1.065814E-014, 460.5854
Transformer.23E1231_TR1, 0.001528762, 305.7404, 0.001528762, 0.05096352, 0, 305.6894
Transformer.52E2040_TR1, 0.001533241, 306.6372, 0.001533241, 0.05111301, 0, 306.5861
Transformer.26E2714_TR1, 0.001528567, 305.7023, 0.001528567, 0.05095718, 8.881784E-015, 305.6513
Transformer.61E1445_M_1, 0.001537541, 307.4972, 0.001537541, 0.05125636, 0, 307.4459
Transformer.35L1084_M_1, 0.00231153, 462.2892, 0.00231153, 0.07705847, -1.421085E-014, 462.2122
Transformer.51L0211_M_1, 0.001535179, 307.0244, 0.001535179, 0.05117756, -7.105427E-015, 306.9732
Transformer.94L1084_TR1, 0.00154058, 308.1055, 0.00154058, 0.05135776, -7.105427E-015, 308.0541
Transformer.55E1808_TR1, 0.0006120789, 122.4129, 0.0006120789, 0.02040487, 0, 122.3925
Transformer.61E1084_M_1, 0.02299062, 4597.997, 0.02299062, 0.7664351, 1.136868E-013, 4597.231
Transformer.93E0675_TR1, 0.002303764, 460.7369, 0.002303764, 0.07679973, -7.105427E-015, 460.6601
Transformer.93E0565_TR1, 0.001529028, 305.7951, 0.001529028, 0.05097265, 0, 305.7442
Transformer.98E1580_TR1, 0.002289958, 457.9746, 0.002289958, 0.07633928, 0, 457.8983
Transformer.98E1318_TR1, 0.004568628, 913.6905, 0.004568628, 0.1523021, 0, 913.5382
Transformer.36L1310_TR1, 0.003035595, 607.0982, 0.003035595, 0.1011965, 0, 606.9971
Transformer.93E0896_M_1, 0.001529113, 305.8127, 0.001529113, 0.05097558, -7.105427E-015, 305.7617
Transformer.55E1989_M_1, 0.001530218, 306.0322, 0.001530218, 0.05101217, 0, 305.9812
Transformer.83L1034_M_1, 0.001517798, 303.549, 0.001517798, 0.05059824, 0, 303.4984
Transformer.36L1428_M_1, 0.001518073, 303.6038, 0.001518073, 0.05060737, 0, 303.5532
Transformer.06E1605_TR1, 0.003047211, 609.4236, 0.003047211, 0.1015841, 1.421085E-014, 609.322
Transformer.36L1488_M_1, 0.001518427, 303.6749, 0.001518427, 0.05061923, 0, 303.6243
Transformer.50E0188_TR1, 0.001518731, 303.736, 0.001518731, 0.05062942, 7.105427E-015, 303.6854
Transformer.87E0416_TR1, 0.001519302, 303.8509, 0.001519302, 0.05064856, -7.105427E-015, 303.8002
Transformer.98E1042_M_1, 0.002300614, 460.1068, 0.002300614, 0.0766947, 0, 460.0301
Transformer.32E3228_M_1, 0.001518712, 303.7328, 0.001518712, 0.05062889, 8.881784E-015, 303.6822
Transformer.78L0804_M_1, 0.001518458, 303.6823, 0.001518458, 0.05062048, 0, 303.6317
Line.D_AGF01I2|D_AG3, 1337.379, 2417.907, 1337.379, 2417.907, 0, 0
Line.D_AG1|D_AG3, 4430.073, 8009.338, 4430.073, 8009.338, 0, 0
Line.AGF01I2|D_AGF01I2, 1086.62, 1964.547, 1086.62, 1964.547, 0, 0
Line.D_AG1|SG92E2724, 1337.382, 2417.92, 1337.382, 2417.92, 0, 0
Line.D_FH94E0506|D_F34E04, 1499.818, 2711.38, 1499.818, 2711.38, 0, 0
Line.D_SF34E0409|D_F34E04, 6078.217, 10988.27, 6078.217, 10988.27, 0, 0
Line.EL_115214280, 0.26555, -0.1023923, 0.26555, -0.1023923, 0, 0
Line.D_H94E0383|D_FH94E05, 10281.17, 18588.03, 10281.17, 18588.03, 0, 0
Line.D_H94E0383|D_G92E283, 1003.039, 1813.457, 1003.039, 1813.457, 0, 0
Line.E_-2691602|D_G92E283, 7439.197, 13449.75, 7439.197, 13449.75, 0, 0
Line.SG92E2724|E_-2691602, 752.2774, 1360.082, 752.2774, 1360.082, 0, 0
Line.SF34E0409|E_-2523928, 663.4187, 1274.951, 663.4187, 1274.951, 0, 0
Line.E_-2523928|E_-252393, 6059.236, 11644.63, 6059.236, 11644.63, 0, 0
Line.E_-2523938|E_-252394, 5351.606, 10284.78, 5351.606, 10284.78, 0, 0
Line.E_-2523946|E_-252394, 973.0211, 1869.97, 973.0211, 1869.97, 0, 0
Line.E_-2523948|E_-252396, 3980.547, 7649.912, 3980.547, 7649.912, 0, 0
Line.E_-2523962|E_-252396, 796.1104, 1529.989, 796.1104, 1529.989, 0, 0
Line.E_-2523964|E_-252397, 3980.558, 7649.977, 3980.558, 7649.977, 0, 0
Line.E_-2523970|E_-252397, 3405.596, 6545.024, 3405.596, 6545.024, 0, 0
Line.E_-2523974|E_-252410, 1238.4, 2380.019, 1238.4, 2380.019, 0, 0
Line.EL_237969588, 11985.99, 23035.45, 11985.99, 23035.45, 0, 0
Line.EL_237969642, 5484.392, 10540.37, 5484.392, 10540.37, 0, 0
Line.EL_237969631, 13268.76, 25501.32, 13268.76, 25501.32, 0, 0
Line.EL_237969620, 14374.61, 27627.11, 14374.61, 27627.11, 0, 0
Line.EL_167655460, 14772.8, 28392.9, 14772.8, 28392.9, 0, 0
Line.EL_178356939, 1724.975, 3315.386, 1724.975, 3315.386, 0, 0
Line.EL_237969566, 15082.55, 28988.8, 15082.55, 28988.8, 0, 0
Line.EL_190890814, 2388.451, 4590.672, 2388.451, 4590.672, 0, 0
Line.EL_178356855, 10973.06, 19838.84, 10973.06, 19838.84, 0, 0
Line.EL_190890830, 18393.78, 33255.52, 18393.78, 33255.52, 0, 0
Line.EL_224516413, 21235.87, 38394.46, 21235.87, 38394.46, 0, 0
Line.EL_178356735, 15145.42, 27383.22, 15145.42, 27383.22, 0, 0
Line.EL_224516426, -7.657992E-007, -0.1566178, -7.657992E-007, -0.1566178, 0, 0
Line.34E0508|D_FF34E0585, 6.416342, -14.19791, 6.416342, -14.19791, 0, 0
Line.FH94E0506|34E0508, 1.858746, -0.7167003, 1.858746, -0.7167003, 0, 0
Line.EL_1048193, 0.08790959, -0.1944757, 0.08790959, -0.1944757, 0, 0
Line.EL_1048187, 1.296912E-007, -8.642158, 1.296912E-007, -8.642158, 0, 0
Line.D_FU91E5131|D_U91E52, 101.925, 166.1737, 101.925, 166.1737, 0, 0
Line.D_U91E5215|E_-156360, 98.23954, 160.1588, 98.23954, 160.1588, 0, 0
Line.91E5092|D_FU91E5131, 49.12106, 80.08698, 49.12106, 80.08698, 0, 0
Line.EL_153197170, 1.04883E-005, -0.2216052, 1.04883E-005, -0.2216052, 0, 0
Line.E_-1563608|E_-156361, 141.2168, 230.2135, 141.2168, 230.2135, 0, 0
Line.EL_160090044, 40.61492, 64.46351, 40.61492, 64.46351, 0, 0
Line.E_-1563614|D_FJ42E1, 95.78018, 156.1349, 95.78018, 156.1349, 0, 0
Line.D_FJ42E1040|FJ42E10, 5.572669, -13.31075, 5.572669, -13.31075, 0, 0
Line.D_FJ42E1040|D_D_SU9, 124.322, 207.3698, 124.322, 207.3698, 0, 0
Line.D_D_SU91E5547|D_SU91, 27.97223, 46.6569, 27.97223, 46.6569, 0, 0
Line.D_U91E5614|D_SU91E55, 4294.021, 7759.403, 4294.021, 7759.403, 0, 0
Line.EL_221798848, 1964.129, 3551.183, 1964.129, 3551.183, 0, 0
Line.D_U91E5614|91E5688, 2263.069, 4089.436, 2263.069, 4089.436, 0, 0
Line.EL_165381603, 559.886, 175.5752, 559.886, 175.5752, 0, 0
Line.EL_221798754, 0.01146609, -1.994078, 0.01146609, -1.994078, 0, 0
Line.EL_208693393, 1051.012, 1899.018, 1051.012, 1899.018, 0, 0
Line.EL_172215739, -2.800981E-006, -0.4422389, -2.800981E-006, -0.4422389, 0, 0
Line.EL_172215757, 110.6329, 199.897, 110.6329, 199.897, 0, 0
Line.REG1_1, 55.31639, 99.94839, 55.31639, 99.94839, 0, 0
Line.REG1_2, 55.3164, 99.94841, 55.3164, 99.94841, 0, 0
Line.REG1_3, 553.1643, 999.4845, 553.1643, 999.4845, 0, 0
Line.EL_224516352, 0.001547938, -7.158393, 0.001547938, -7.158393, 0, 0
Line.EL_224516378, 0.00155051, -7.158384, 0.00155051, -7.158384, 0, 0
Line.EL_224516346, 0.0004822556, -2.236999, 0.0004822556, -2.236999, 0, 0
Line.EL_224516384, 0.01164033, -53.24016, 0.01164033, -53.24016, 0, 0
Line.FF34E0585|34E0585, 1.670204, -3.694925, 1.670204, -3.694925, 0, 0
Line.EL_154950210, -7.840081E-006, -0.2216124, -7.840081E-006, -0.2216124, 0, 0
Line.EL_172215751, 110.6329, 199.8971, 110.6329, 199.8971, 0, 0
Line.EL_215472, 0.1035119, -0.3892424, 0.1035119, -0.3892424, 0, 0
Line.E_-1554294|D_FU91E49, 28.65205, 35.05452, 28.65205, 35.05452, 0, 0
Line.D_FU91E4939|D_FU91E4, 12.19077, 16.98174, 12.19077, 16.98174, 0, 0
Line.E_-1554287|E_-155429, 38.45519, 47.05347, 38.45519, 47.05347, 0, 0
Line.D_FU91E4961|D_FU91E5, 22.27576, 32.80728, 22.27576, 32.80728, 0, 0
Line.D_FU91E4765|E_-15542, 11.68762, 14.30207, 11.68762, 14.30207, 0, 0
Line.EL_118269800, 0.2750356, -0.3003783, 0.2750356, -0.3003783, 0, 0
Line.EL_212320788, 43.58712, 69.1827, 43.58712, 69.1827, 0, 0
Line.EL_117061411, 0.01844554, -0.2117595, 0.01844554, -0.2117595, 0, 0
Line.D_FU91E4687|D_FU91E4, 17.58409, 18.78262, 17.58409, 18.78262, 0, 0
Line.D_FU91E4687|FH94S212, 4.080986, 2.299457, 4.080986, 2.299457, 0, 0
Line.EL_221798770, 0.1325968, -23.0424, 0.1325968, -23.0424, 0, 0
Line.42E1200|EL_1227709, -2.372846E-007, -9.318329, -2.372846E-007, -9.318329, 0, 0
Line.FJ42E1040|42E1200, 12.13976, -28.98502, 12.13976, -28.98502, 0, 0
Line.EL_172215745, 110.6329, 199.8972, 110.6329, 199.8972, 0, 0
Line.D_A88L2085|88L2072, 0.7427525, -2.270794, 0.7427525, -2.270794, 0, 0
Line.FU91E4687|D_A88L2085, 0.1244036, -1.545383, 0.1244036, -1.545383, 0, 0
Line.FU91E4961|61E1143, 4.167182, -32.8305, 4.167182, -32.8305, 0, 0
Line.FU91E4765|91E4735, 0.6829795, -7.836036, 0.6829795, -7.836036, 0, 0
Line.FU91E4939|91E4939, 0.5693632, -2.140842, 0.5693632, -2.140842, 0, 0
Line.D_G71L1023|FG71L1039, 2.20032, -2.402898, 2.20032, -2.402898, 0, 0
Line.FU91E5016|D_G71L1023, 0.5500763, -0.6007429, 0.5500763, -0.6007429, 0, 0
Line.D_FY41L1000|D_O53E07, 6.454711, 1.134578, 6.454711, 1.134578, 0, 0
Line.D_FY41L1000|94S2338, 0.1110373, -17.86563, 0.1110373, -17.86563, 0, 0
Line.EL_154949994, 24.84176, 14.00259, 24.84176, 14.00259, 0, 0
Line.D_O53E0737|D_O53E066, 50.34785, 8.853381, 50.34785, 8.853381, 0, 0
Line.D_O53E0661|FY41L1000, 27.11119, 4.769908, 27.11119, 4.769908, 0, 0
Line.D_F90E1070|D_FT21E20, 2510.432, 4535.511, 2510.432, 4535.511, 0, 0
Line.EL_122147199, 11652.44, 21051.98, 11652.44, 21051.98, 0, 0
Line.EL_213908, 0.0693842, -10.01734, 0.0693842, -10.01734, 0, 0
Line.D_FF90E1021|D_F90E10, 2562.729, 4629.98, 2562.729, 4629.98, 0, 0
Line.90E1011|D_FF90E1021, 535.6096, 967.7155, 535.6096, 967.7155, 0, 0
Line.EL_152424367, 0.02989616, -0.2036379, 0.02989616, -0.2036379, 0, 0
Line.EL_114411043, 5516.485, 9967.56, 5516.485, 9967.56, 0, 0
Line.EL_152741406, 1158.46, 2093.176, 1158.46, 2093.176, 0, 0
Line.EL_199825812, 2316.918, 4186.34, 2316.918, 4186.34, 0, 0
Line.EL_212916, 2323.302, 4197.89, 2323.302, 4197.89, 0, 0
Line.EL_33234149, 3208.365, 5797.06, 3208.365, 5797.06, 0, 0
Line.EL_172215763, 1493.545, 2698.617, 1493.545, 2698.617, 0, 0
Line.EL_216237911, -8.765915E-007, -0.6625257, -8.765915E-007, -0.6625257, 0, 0
Line.EL_172215733, -7.211701E-007, -0.4420171, -7.211701E-007, -0.4420171, 0, 0
Line.EL_165499602, 55.31646, 99.94864, 55.31646, 99.94864, 0, 0
Line.EL_213840, 4.298551E-007, -3.533422, 4.298551E-007, -3.533422, 0, 0
Line.FG71L1039|71L1039, 0.4125684, -0.4505355, 0.4125684, -0.4505355, 0, 0
Line.FY41L1000|41L1000, 9.037189, 1.590406, 9.037189, 1.590406, 0, 0
Line.EL_732675, 1.439265E-006, -0.6625204, 1.439265E-006, -0.6625204, 0, 0
Line.EL_225208531, -1.144765E-007, -6.846004, -1.144765E-007, -6.846004, 0, 0
Line.EL_225208525, 1.439265E-006, -0.6625204, 1.439265E-006, -0.6625204, 0, 0
Line.EL_213934, 1.88803, -4.642563, 1.88803, -4.642563, 0, 0
Line.90E1382|D_FF97E0022, 5755.654, 10398.14, 5755.654, 10398.14, 0, 0
Line.D_FF97E0022|SF90E163, 6618.488, 11955.93, 6618.488, 11955.93, 0, 0
Line.SF90E1336|90E1382, 2548.981, 4605.18, 2548.981, 4605.18, 0, 0
Line.FT21E2000|21E1800, 0.2990302, -43.11687, 0.2990302, -43.11687, 0, 0
Line.21E1800|EL_1227798, 4.081379E-007, -7.86747, 4.081379E-007, -7.86747, 0, 0
Line.FF90E1021|90E1021, 0.4483384, -3.054542, 0.4483384, -3.054542, 0, 0
Line.EL_40214048, 0.05745345, -0.1844212, 0.05745345, -0.1844212, 0, 0
Line.D_FF90E1843|SF90E163, 10148.4, 18332.73, 10148.4, 18332.73, 0, 0
Line.D_FF90E1843|SF90E189, 1941.7, 3507.343, 1941.7, 3507.343, 0, 0
Line.FF97E0022|97E0238, 15.32478, -37.66719, 15.32478, -37.66719, 0, 0
Line.97E0238|D_F97E0376, 5.112636, -26.74308, 5.112636, -26.74308, 0, 0
Line.D_F97E0376|D_FN18E00, 1.391186, -7.27487, 1.391186, -7.27487, 0, 0
Line.EL_168187849, 0.00870321, -0.2116175, 0.00870321, -0.2116175, 0, 0
Line.D_FN18E0003|D_W30E10, 1.168562, -24.24621, 1.168562, -24.24621, 0, 0
Line.D_W30E1001|D_W29E119, 0.2642709, -5.481507, 0.2642709, -5.481507, 0, 0
Line.D_W29E1196|30E1035, 0.345626, -7.167988, 0.345626, -7.167988, 0, 0
Line.30E1035|D_TW30E1070, 0.1287293, -7.064271, 0.1287293, -7.064271, 0, 0
Line.EL_195533409, 9.457919E-006, -0.8643619, 9.457919E-006, -0.8643619, 0, 0
Line.EL_153858340, 1.129136, -62.50995, 1.129136, -62.50995, 0, 0
Line.EL_157875885, 1610.193, 2908.546, 1610.193, 2908.546, 0, 0
Line.D_SF90E1910|SF90E189, 1089.247, 1967.541, 1089.247, 1967.541, 0, 0
Line.EL_237750528, 4262.283, 7699.138, 4262.283, 7699.138, 0, 0
Line.EL_157875685, 2255.032, 4073.294, 2255.032, 4073.294, 0, 0
Line.EL_237750502, 187.9195, 339.442, 187.9195, 339.442, 0, 0
Line.E_-558710|E_-558716, 0.05692598, -8.109855, 0.05692598, -8.109855, 0, 0
Line.E_-558708|E_-558710, 0.05241168, -7.469668, 0.05241168, -7.469668, 0, 0
Line.E_-558716|E_-558718, 0.05095261, -7.256123, 0.05095261, -7.256123, 0, 0
Line.E_-558706|E_-558708, 0.05987576, -8.53684, 0.05987576, -8.53684, 0, 0
Line.E_-558718|28E0339, 0.04797177, -6.829239, 0.04797177, -6.829239, 0, 0
Line.E_-558704|E_-558706, 0.03890564, -5.54899, 0.03890564, -5.54899, 0, 0
Line.E_-558696|E_-558704, 0.05086134, -7.256423, 0.05086134, -7.256423, 0, 0
Line.28E0065|E_-558696, 0.03290101, -4.695365, 0.03290101, -4.695365, 0, 0
Line.D_N28E0001A|28E0065, 3.906987, -12.54024, 3.906987, -12.54024, 0, 0
Line.D_N28E0001A|FF90E184, 0.6894226, -2.213135, 0.6894226, -2.213135, 0, 0
Line.FN18E0003|E_-3093927, 0.02601318, -0.6348485, 0.02601318, -0.6348485, 0, 0
Line.E_-3093927|18E0096, 0.7545232, -18.41007, 0.7545232, -18.41007, 0, 0
Line.FK30E1753|30E1713, 0.1548397, -8.562458, 0.1548397, -8.562458, 0, 0
Line.EL_237750474, -6.090796E-006, -0.4256286, -6.090796E-006, -0.4256286, 0, 0
Line.EL_237750491, 845.6381, 1527.492, 845.6381, 1527.492, 0, 0
Line.EL_237750485, 187.9195, 339.4422, 187.9195, 339.4422, 0, 0
Line.EL_237750508, -4.547182E-006, -0.4257323, -4.547182E-006, -0.4257323, 0, 0
Line.EL_151171867, 3574.177, 6443.628, 3574.177, 6443.628, 0, 0
Line.EL_157875715, 845.6386, 1527.495, 845.6386, 1527.495, 0, 0
Line.EL_157875721, 17.52136, 30.45303, 17.52136, 30.45303, 0, 0
Line.02E4792|02E4914, 3161.344, 5699.087, 3161.344, 5699.087, 0, 0
Line.D_FI02E4712|02E4792, 2085.214, 3758.886, 2085.214, 3758.886, 0, 0
Line.EL_625104, 0.03615565, -0.1924159, 0.03615565, -0.1924159, 0, 0
Line.EL_158826763, 4659.652, 8398.288, 4659.652, 8398.288, 0, 0
Line.EL_164315155, -1.211816E-006, -0.4200885, -1.211816E-006, -0.4200885, 0, 0
Line.4I02E4429|D_4I02E442, 49.57115, 89.34568, 49.57115, 89.34568, 0, 0
Line.REG2_1, 24.78549, 44.67233, 24.78549, 44.67233, 0, 0
Line.REG2_2, 24.78549, 44.67234, 24.78549, 44.67234, 0, 0
Line.REG2_3, 2255.483, 4065.204, 2255.483, 4065.204, 0, 0
Line.EL_193926392, 105.1284, 182.7199, 105.1284, 182.7199, 0, 0
Line.EL_157875775, 227.7798, 395.902, 227.7798, 395.902, 0, 0
Line.EL_157875739, 131.4124, 228.4105, 131.4124, 228.4105, 0, 0
Line.EL_157875745, 128.4928, 223.3387, 128.4928, 223.3387, 0, 0
Line.EL_157875751, 81.76846, 142.1266, 81.76846, 142.1266, 0, 0
Line.EL_157875757, 67.16715, 116.7481, 67.16715, 116.7481, 0, 0
Line.EL_157875763, 90.52992, 157.3578, 90.52992, 157.3578, 0, 0
Line.EL_157875769, 58.40657, 101.5221, 58.40657, 101.5221, 0, 0
Line.EL_164315121, 74.35673, 134.0186, 74.35673, 134.0186, 0, 0
Line.FI02E4712|D_T71E0826, 1.338763, -7.119018, 1.338763, -7.119018, 0, 0
Line.D_T71E0826|71E1021, 6.550528, -34.82059, 6.550528, -34.82059, 0, 0
Line.EL_193925909, 199.7746, 346.9437, 199.7746, 346.9437, 0, 0
Line.EL_193926424, 296.8049, 515.4414, 296.8049, 515.4414, 0, 0
Line.EL_193925898, 259.7094, 451.0413, 259.7094, 451.0413, 0, 0
Line.EL_193926192, 0.0533972, -7.38767, 0.0533972, -7.38767, 0, 0
Line.D_TF90E2616|SF90E241, 578.2325, 1005.114, 578.2325, 1005.114, 0, 0
Line.EL_164901442, 268.2742, 465.928, 268.2742, 465.928, 0, 0
Line.EL_193926295, 0.02159154, -5.27322, 0.02159154, -5.27322, 0, 0
Line.EL_193926292, 171.0719, 296.8936, 171.0719, 296.8936, 0, 0
Line.EL_193925657, 967.5611, 1679.289, 967.5611, 1679.289, 0, 0
Line.EL_208095837, 159.8617, 277.4702, 159.8617, 277.4702, 0, 0
Line.EL_193925651, 85.32628, 147.9802, 85.32628, 147.9802, 0, 0
Line.EL_164901454, 482.0467, 240.7127, 482.0467, 240.7127, 0, 0
Line.EL_164901907, 493.005, 246.192, 493.005, 246.192, 0, 0
Line.EL_164901889, 121.1101, 210.0562, 121.1101, 210.0562, 0, 0
Line.EL_164315115, 49.57115, 89.34581, 49.57115, 89.34581, 0, 0
Line.D_FF90E3763|SF90E362, 415.6327, 720.904, 415.6327, 720.904, 0, 0
Line.EL_213142, 101.8449, 176.6521, 101.8449, 176.6521, 0, 0
Line.EL_215262600, 3.073577, 0.732073, 3.073577, 0.732073, 0, 0
Line.EL_213156, 217.5557, 366.2399, 217.5557, 366.2399, 0, 0
Line.EL_57345706, 2.239994E-005, -0.2099243, 2.239994E-005, -0.2099243, 0, 0
Line.EL_213166, 284.8694, 479.552, 284.8694, 479.552, 0, 0
Line.D_FF90E4120|SF90E425, 230.4822, 388.0124, 230.4822, 388.0124, 0, 0
Line.EL_214380, -8.511512E-006, -0.2097634, -8.511512E-006, -0.2097634, 0, 0
Line.EL_164315127, -3.578117E-006, -0.419924, -3.578117E-006, -0.419924, 0, 0
Line.EL_164315143, 1065.781, 1920.942, 1065.781, 1920.942, 0, 0
Line.EL_164315133, 49.57117, 89.34587, 49.57117, 89.34587, 0, 0
Line.BCF90E3763|FF90E3763, 9.370327E-006, -0.4202443, 9.370327E-006, -0.4202443, 0, 0
Line.SF90E3942|90E3942, 6.349316E-005, -1.4695, 6.349316E-005, -1.4695, 0, 0
Line.D_FF90E4362|SF90E425, 159.6941, 268.8546, 159.6941, 268.8546, 0, 0
Line.EL_215490, 0.01801218, -0.2001642, 0.01801218, -0.2001642, 0, 0
Line.EL_213196, 122.7036, 204.8117, 122.7036, 204.8117, 0, 0
Line.EL_213204, 65.04835, 108.5788, 65.04835, 108.5788, 0, 0
Line.EL_198296984, 42.63497, 71.13369, 42.63497, 71.13369, 0, 0
Line.EL_214456, 4.619775E-005, -0.209361, 4.619775E-005, -0.209361, 0, 0
Line.EL_210520022, 58.80717, 98.11737, 58.80717, 98.11737, 0, 0
Line.EL_237900516, 10.53807, 2.510318, 10.53807, 2.510318, 0, 0
Line.FF90E4120|90E4120, 8.185567E-006, -2.517056, 8.185567E-006, -2.517056, 0, 0
Line.EL_191329300, 1804.865, 3249.341, 1804.865, 3249.341, 0, 0
Line.EL_218865238, 735.261, 1324.005, 735.261, 1324.005, 0, 0
Line.EL_191329256, 0.007605195, -0.2039493, 0.007605195, -0.2039493, 0, 0
Line.EL_626238, 456.5148, 822.1293, 456.5148, 822.1293, 0, 0
Line.EL_627346, 0.001189452, -2.481307, 0.001189452, -2.481307, 0, 0
Line.EL_626252, 270.3496, 486.8727, 270.3496, 486.8727, 0, 0
Line.EL_627352, 0.01303892, -27.08747, 0.01303892, -27.08747, 0, 0
Line.EL_626258, 686.2713, 1235.904, 686.2713, 1235.904, 0, 0
Line.EL_626264, 707.0664, 1273.349, 707.0664, 1273.349, 0, 0
Line.EL_625092, 0.01049177, -0.2016738, 0.01049177, -0.2016738, 0, 0
Line.EL_626270, 3147.507, 5668.96, 3147.507, 5668.96, 0, 0
Line.EL_626282, 829.4074, 1493.828, 829.4074, 1493.828, 0, 0
Line.EL_625098, 1.515946E-005, -0.2078202, 1.515946E-005, -0.2078202, 0, 0
Line.EL_626288, 1999.209, 3600.711, 1999.209, 3600.711, 0, 0
Line.EL_626298, 2774.461, 4998.283, 2774.461, 4998.283, 0, 0
Line.EL_54641169, 1834.716, 3305.269, 1834.716, 3305.269, 0, 0
Line.EL_626308, 542.8086, 977.9274, 542.8086, 977.9274, 0, 0
Line.EL_5717362, 2.438651E-005, -0.2090356, 2.438651E-005, -0.2090356, 0, 0
Line.EL_198275733, 1334.532, 2404.292, 1334.532, 2404.292, 0, 0
Line.EL_5717353, 1988.614, 3583.903, 1988.614, 3583.903, 0, 0
Line.EL_198275749, 0.113211, -0.1505723, 0.113211, -0.1505723, 0, 0
Line.EL_56819060, 1016.212, 1831.607, 1016.212, 1831.607, 0, 0
Line.EL_213218, 91.15187, 152.0866, 91.15187, 152.0866, 0, 0
Line.E_-1052955|E_-105295, 0.1253491, -4.962138, 0.1253491, -4.962138, 0, 0
Line.E_-1052953|E_-105295, 0.02611155, -1.033788, 0.02611155, -1.033788, 0, 0
Line.E_-1052957|E_-105295, 0.2350731, -9.303862, 0.2350731, -9.303862, 0, 0
Line.E_-1052951|E_-105295, 0.1932098, -7.650085, 0.1932098, -7.650085, 0, 0
Line.E_-1052959|E_-105296, 0.1985502, -7.856446, 0.1985502, -7.856446, 0, 0
Line.12L1200|E_-1052951, 0.1566281, -6.202867, 0.1566281, -6.202867, 0, 0
Line.E_-1052961|E_-105296, 0.1515527, -5.995618, 0.1515527, -5.995618, 0, 0
Line.D_3243|12L1200, 4.300809, -47.83743, 4.300809, -47.83743, 0, 0
Line.E_-1052963|E_-105296, 0.1881668, -7.442726, 0.1881668, -7.442726, 0, 0
Line.FF90E4362|D_3243, 0.1079317, -1.201063, 0.1079317, -1.201063, 0, 0
Line.EL_153929339, 0.14115, -5.581965, 0.14115, -5.581965, 0, 0
Line.EL_153929393, 0.02614165, -1.033687, 0.02614165, -1.033687, 0, 0
Line.EL_153929333, 0.3346673, -13.23102, 0.3346673, -13.23102, 0, 0
Line.EL_153929399, 0.5388477, -21.29287, 0.5388477, -21.29287, 0, 0
Line.E_-1052973|E_-105297, 0.3454386, -13.64345, 0.3454386, -13.64345, 0, 0
Line.E_-1052975|FZ04L1127, 0.3403248, -13.43633, 0.3403248, -13.43633, 0, 0
Line.EL_2043553, 0.0002742641, -1.256156, 0.0002742641, -1.256156, 0, 0
Line.EL_237900490, 2.195451, 0.523049, 2.195451, 0.523049, 0, 0
Line.EL_214060, 4.81489E-006, -0.4200936, 4.81489E-006, -0.4200936, 0, 0
Line.EL_198275723, 2.037762, -2.7101, 2.037762, -2.7101, 0, 0
Line.EL_191329282, 0.1596809, -4.283026, 0.1596809, -4.283026, 0, 0
Line.EL_60262055, 667.0172, 1200.855, 667.0172, 1200.855, 0, 0
Line.EL_99510260, 0.008624023, -0.2016865, 0.008624023, -0.2016865, 0, 0
Line.EL_626212, 1402.196, 2524.123, 1402.196, 2524.123, 0, 0
Line.EL_24519106, 0.003258641, -0.2042223, 0.003258641, -0.2042223, 0, 0
Line.EL_158256338, 644.5831, 1160.243, 644.5831, 1160.243, 0, 0
Line.EL_158256344, 606.6674, 1091.999, 606.6674, 1091.999, 0, 0
Line.EL_24519088, 2386.285, 4295.311, 2386.285, 4295.311, 0, 0
Line.EL_627364, 0.001598228, -3.308377, 0.001598228, -3.308377, 0, 0
Line.EL_627370, 0.1994199, -3.831849, 0.1994199, -3.831849, 0, 0
Line.EL_627376, 1.837438, -35.2911, 1.837438, -35.2911, 0, 0
Line.EL_627390, 0.03150815, -0.6049615, 0.03150815, -0.6049615, 0, 0
Line.EL_198479008, 8.307633E-005, -7.455491, 8.307633E-005, -7.455491, 0, 0
Line.EL_627396, 1.224863, -24.2158, 1.224863, -24.2158, 0, 0
Line.EL_627406, 1.021148, -20.1784, 1.021148, -20.1784, 0, 0
Line.EL_627416, -2.065673E-007, -7.454662, -2.065673E-007, -7.454662, 0, 0
Line.EL_627422, 1.795503E-005, -6.857895, 1.795503E-005, -6.857895, 0, 0
Line.EL_5717377, 2.920362E-005, -4.808039, 2.920362E-005, -4.808039, 0, 0
Line.EL_56626145, 54.28441, 89.31518, 54.28441, 89.31518, 0, 0
Line.90E4832|D_F90E4876, 56.80883, 93.46681, 56.80883, 93.46681, 0, 0
Line.EL_213240, 53.02237, 87.2404, 53.02237, 87.2404, 0, 0
Line.EL_210519882, 183.7798, 306.6611, 183.7798, 306.6611, 0, 0
Line.EL_59031281, 58.07256, 95.55163, 58.07256, 95.55163, 0, 0
Line.EL_210519876, 89.68319, 149.6427, 89.68319, 149.6427, 0, 0
Line.EL_213248, 3.787355, 6.231718, 3.787355, 6.231718, 0, 0
Line.EL_210519888, 63.21877, 105.4827, 63.21877, 105.4827, 0, 0
Line.EL_164683598, 29.03647, 47.77693, 29.03647, 47.77693, 0, 0
Line.EL_215496, 4.572505, 2.162385, 4.572505, 2.162385, 0, 0
Line.D_FF90E5031|D_FF90E5, 0.0804251, -6.119696, 0.0804251, -6.119696, 0, 0
Line.D_D_TS57E0980|D_FF90, 0.0007442619, -12.94697, 0.0007442619, -12.94697, 0, 0
Line.EL_2067061, 0.00930966, -0.2040253, 0.00930966, -0.2040253, 0, 0
Line.D_D_TS57E0980|57E098, 0.0002521862, -4.38526, 0.0002521862, -4.38526, 0, 0
Line.FZ04L1127|04L1127, 0.05236884, -2.067091, 0.05236884, -2.067091, 0, 0
Line.D_J32E1388|D_2812, 10.47488, -0.6769875, 10.47488, -0.6769875, 0, 0
Line.D_2812|D_2813, 8.326388, -0.5373901, 8.326388, -0.5373901, 0, 0
Line.M_M_FJ32E1485|D_J32E, 40.01686, -2.595843, 40.01686, -2.595843, 0, 0
Line.D_2813|M_FJ32E1485, 6.714956, -0.4329095, 6.714956, -0.4329095, 0, 0
Line.M_M_FJ32E1485|32E104, 50.7538, -3.314162, 50.7538, -3.314162, 0, 0
Line.D_FJ32E1485|M_FJ32E1, 3.760426, -0.242246, 3.760426, -0.242246, 0, 0
Line.EL_214066, 9.660087, 2.301813, 9.660087, 2.301813, 0, 0
Line.EL_4806704, 19.05978, -8.156484, 19.05978, -8.156484, 0, 0
Line.EL_237900522, 2.392381E-006, -0.4200825, 2.392381E-006, -0.4200825, 0, 0
Line.EL_237900501, 2.195455, 0.5230763, 2.195455, 0.5230763, 0, 0
Line.EL_192590210, 22.30569, -10.8581, 22.30569, -10.8581, 0, 0
Line.EL_221866843, 3.862036, -5.829021, 3.862036, -5.829021, 0, 0
Line.EL_626120, 2853.21, 5128.101, 2853.21, 5128.101, 0, 0
Line.EL_627122, 0.4680143, -3.402755, 0.4680143, -3.402755, 0, 0
Line.EL_626134, 731.7653, 1315.593, 731.7653, 1315.593, 0, 0
Line.EL_626112, 858.1707, 1541.905, 858.1707, 1541.905, 0, 0
Line.EL_626140, 2273.132, 4086.672, 2273.132, 4086.672, 0, 0
Line.EL_626098, 757.3561, 1360.565, 757.3561, 1360.565, 0, 0
Line.EL_627106, 0.0108406, -0.3979083, 0.0108406, -0.3979083, 0, 0
Line.EL_626162, 4149.928, 7462.372, 4149.928, 7462.372, 0, 0
Line.EL_627196, 1.053813, -12.25046, 1.053813, -12.25046, 0, 0
Line.EL_625086, 0.1556669, -0.1232394, 0.1556669, -0.1232394, 0, 0
Line.EL_140128921, 814.6644, 1465.847, 814.6644, 1465.847, 0, 0
Line.EL_140128936, -1.352687E-005, -0.2041181, -1.352687E-005, -0.2041181, 0, 0
Line.EL_48578871, 708.4023, 1274.641, 708.4023, 1274.641, 0, 0
Line.EL_626190, 1690.206, 3041.695, 1690.206, 3041.695, 0, 0
Line.EL_114510369, 0.005308557, -0.2018015, 0.005308557, -0.2018015, 0, 0
Line.EL_63860387, 2680.513, 4824.303, 2680.513, 4824.303, 0, 0
Line.EL_17115129, 890.1258, 1602.24, 890.1258, 1602.24, 0, 0
Line.EL_24519092, 0.5636879, -35.3272, 0.5636879, -35.3272, 0, 0
Line.EL_627338, 0.3706649, -8.672307, 0.3706649, -8.672307, 0, 0
Line.EL_627332, 0.08235254, -1.814985, 0.08235254, -1.814985, 0, 0
Line.D_F99E0316|D_FF99E03, 39.26532, 17.23963, 39.26532, 17.23963, 0, 0
Line.EL_55668602, 0.1474221, -0.1317417, 0.1474221, -0.1317417, 0, 0
Line.EL_55668576, 60.11265, 28.05022, 60.11265, 28.05022, 0, 0
Line.D_3291A|D_F99E0316, 107.3259, 47.12407, 107.3259, 47.12407, 0, 0
Line.EL_55668503, 3.483774E-005, -0.2082081, 3.483774E-005, -0.2082081, 0, 0
Line.EL_55668493, 44.13456, 20.59679, 44.13456, 20.59679, 0, 0
Line.D_3291A|99E0315, 175.3885, 77.01519, 175.3885, 77.01519, 0, 0
Line.99E0258|D_FF99E0272, 63.81828, 30.17929, 63.81828, 30.17929, 0, 0
Line.EL_126655980, 0.01742417, -0.1992205, 0.01742417, -0.1992205, 0, 0
Line.D_F99E0090|99E0258, 663.0337, 313.6119, 663.0337, 313.6119, 0, 0
Line.FF90E5031|D_F99E0090, 434.392, 205.4383, 434.392, 205.4383, 0, 0
Line.EL_2067063, 0.06504639, -1.42817, 0.06504639, -1.42817, 0, 0
Line.98L1178|FJ32E1485, 3.16738, -34.87537, 3.16738, -34.87537, 0, 0
Line.EL_196303314, 0.000461345, -0.2093629, 0.000461345, -0.2093629, 0, 0
Line.EL_196303320, 0.4645615, -16.10808, 0.4645615, -16.10808, 0, 0
Line.EL_214138, 0.3889243, -8.182628, 0.3889243, -8.182628, 0, 0
Line.D_J32E1952|32E1991, 0.4039946, -7.976675, 0.4039946, -7.976675, 0, 0
Line.D_SJ33E1010|D_J32E19, 0.2903697, -7.757337, 0.2903697, -7.757337, 0, 0
Line.EL_214118, 14.03675, -21.1778, 14.03675, -21.1778, 0, 0
Line.D_SJ33E1010|SJ33E101, 0.7229284, -2.626188, 0.7229284, -2.626188, 0, 0
Line.EL_626082, 1051.589, 1888.394, 1051.589, 1888.394, 0, 0
Line.EL_626092, 573.9768, 1030.938, 573.9768, 1030.938, 0, 0
Line.EL_114916317, 2075.728, 3729.022, 2075.728, 3729.022, 0, 0
Line.EL_627086, 0.2039571, -4.319669, 0.2039571, -4.319669, 0, 0
Line.EL_627092, 0.7047181, -14.92203, 0.7047181, -14.92203, 0, 0
Line.EL_627100, 3.979327E-007, -6.637859, 3.979327E-007, -6.637859, 0, 0
Line.EL_627112, 0.6779387, -24.86799, 0.6779387, -24.86799, 0, 0
Line.EL_157299163, 0.1789026, -6.565395, 0.1789026, -6.565395, 0, 0
Line.EL_627236, 6.323706, -5.077804, 6.323706, -5.077804, 0, 0
Line.EL_627230, 4.318484, -3.468255, 4.318484, -3.468255, 0, 0
Line.EL_627242, 2.387214, -5.488084, 2.387214, -5.488084, 0, 0
Line.EL_627210, 34.24621, -27.09873, 34.24621, -27.09873, 0, 0
Line.EL_54707304, 4.107944E-005, -2.242369, 4.107944E-005, -2.242369, 0, 0
Line.EL_627248, 1.074017, -39.1854, 1.074017, -39.1854, 0, 0
Line.EL_627304, 0.7587066, -3.682804, 0.7587066, -3.682804, 0, 0
Line.EL_627204, 1.400828, -1.109103, 1.400828, -1.109103, 0, 0
Line.EL_54707289, 0.0006188713, -32.61625, 0.0006188713, -32.61625, 0, 0
Line.EL_627262, 1.014418, -36.97163, 1.014418, -36.97163, 0, 0
Line.EL_24388524, 0.002151508, -5.908628, 0.002151508, -5.908628, 0, 0
Line.EL_627276, 0.1379751, -6.449513, 0.1379751, -6.449513, 0, 0
Line.EL_144168342, 0.002525448, -6.927344, 0.002525448, -6.927344, 0, 0
Line.EL_627282, 1.24726, -58.24325, 1.24726, -58.24325, 0, 0
Line.EL_24388535, 0.008793138, -24.04186, 0.008793138, -24.04186, 0, 0
Line.EL_117677102, 0.02104415, -57.04787, 0.02104415, -57.04787, 0, 0
Line.EL_24388511, 4.386415E-007, -40.55223, 4.386415E-007, -40.55223, 0, 0
Line.EL_140128910, 4.001719E-006, -0.2040911, 4.001719E-006, -0.2040911, 0, 0
Line.EL_627316, 1.175356, -44.79937, 1.175356, -44.79937, 0, 0
Line.EL_627310, 0.2063407, -7.870634, 0.2063407, -7.870634, 0, 0
Line.EL_627156, 0.2138936, -3.331034, 0.2138936, -3.331034, 0, 0
Line.EL_627182, 0.07831747, -42.47739, 0.07831747, -42.47739, 0, 0
Line.EL_627150, 0.3974304, -4.450722, 0.3974304, -4.450722, 0, 0
Line.EL_627162, 2.416599, -37.6182, 2.416599, -37.6182, 0, 0
Line.EL_627128, 7.699133, -55.94676, 7.699133, -55.94676, 0, 0
Line.EL_627176, 0.491066, -7.640551, 0.491066, -7.640551, 0, 0
Line.EL_126655967, 0.278787, -3.187323, 0.278787, -3.187323, 0, 0
Line.EL_55668479, 0.0001786037, -4.164325, 0.0001786037, -4.164325, 0, 0
Line.EL_55668525, 0.2948316, -0.263479, 0.2948316, -0.263479, 0, 0
Line.EL_196303359, 0.02346156, -10.67769, 0.02346156, -10.67769, 0, 0
Line.EL_214210, 6.004119, -48.49955, 6.004119, -48.49955, 0, 0
Line.EL_214230, 0.06867923, -4.350523, 0.06867923, -4.350523, 0, 0
Line.EL_225779171, 0.009438093, -0.2027229, 0.009438093, -0.2027229, 0, 0
Line.SJ33E1010|D_D_TS46E1, 12.96748, -47.08535, 12.96748, -47.08535, 0, 0
Line.D_D_TS46E1040|FJ33E1, 0.00544575, -0.2067391, 0.00544575, -0.2067391, 0, 0
Line.EL_223756063, 0.05682227, -10.66715, 0.05682227, -10.66715, 0, 0
Line.EL_195970179, 0.001558658, -0.2087008, 0.001558658, -0.2087008, 0, 0
Line.96E1208|EL_1227887, 5.85575E-007, -5.658689, 5.85575E-007, -5.658689, 0, 0
Line.D_K96E1000|96E1208, 0.05829666, -46.91637, 0.05829666, -46.91637, 0, 0
Line.EL_214160, 0.003892489, -3.141758, 0.003892489, -3.141758, 0, 0
Line.EL_210904196, 0.02466494, -20.73607, 0.02466494, -20.73607, 0, 0
Line.EL_214358, 0.01438926, -1.459631, 0.01438926, -1.459631, 0, 0
Line.EL_214148, 0.9654543, -33.45326, 0.9654543, -33.45326, 0, 0
Line.EL_210904335, 0.006238426, -5.236349, 0.006238426, -5.236349, 0, 0
Line.D_K96E0986|96E0877, 0.2035929, -20.64309, 0.2035929, -20.64309, 0, 0
Line.EL_625074, 0.4031009, 0.00837958, 0.4031009, 0.00837958, 0, 0
Line.EL_626070, 221.8085, 397.6487, 221.8085, 397.6487, 0, 0
Line.EL_626076, 386.0278, 693.217, 386.0278, 693.217, 0, 0
Line.EL_211343821, 8.541007, 13.25981, 8.541007, 13.25981, 0, 0
Line.EL_626060, 197.9319, 351.8054, 197.9319, 351.8054, 0, 0
Line.EL_169668710, 252.9144, 454.1748, 252.9144, 454.1748, 0, 0
Line.EL_211343823, 0.7764509, 1.205452, 0.7764509, 1.205452, 0, 0
Line.EL_54707316, 8.07658E-006, -0.6115553, 8.07658E-006, -0.6115553, 0, 0
Line.EL_214346, 0.1807472, -23.99971, 0.1807472, -23.99971, 0, 0
Line.EL_214236, 0.07476678, -14.01337, 0.07476678, -14.01337, 0, 0
Line.EL_85983167, 0.04236913, -7.947984, 0.04236913, -7.947984, 0, 0
Line.EL_214258, 0.04724153, -1.013705, 0.04724153, -1.013705, 0, 0
Line.EL_214264, 1.483859, -31.82867, 1.483859, -31.82867, 0, 0
Line.EL_223297322, 0.7848169, -16.82535, 0.7848169, -16.82535, 0, 0
Line.EL_721753, 2.075934, -49.41482, 2.075934, -49.41482, 0, 0
Line.EL_214308, 0.09233241, -4.160258, 0.09233241, -4.160258, 0, 0
Line.EL_123538693, 0.0005173742, -0.2093072, 0.0005173742, -0.2093072, 0, 0
Line.EL_214286, 0.03456454, -6.887503, 0.03456454, -6.887503, 0, 0
Line.EL_57345717, 1.16036E-006, -0.2094671, 1.16036E-006, -0.2094671, 0, 0
Line.EL_112670275, 0.05037905, -10.22751, 0.05037905, -10.22751, 0, 0
Line.EL_112670302, 1.215796E-005, -0.2094449, 1.215796E-005, -0.2094449, 0, 0
Line.EL_214292, 0.04801725, -10.01966, 0.04801725, -10.01966, 0, 0
Line.EL_55924331, 4.894966E-005, -11.31075, 4.894966E-005, -11.31075, 0, 0
Line.EL_214300, 1.172695E-007, -9.844571, 1.172695E-007, -9.844571, 0, 0
Line.EL_211612908, -1.816108E-006, -0.2094701, -1.816108E-006, -0.2094701, 0, 0
Line.46E1040|EL_1227899, -7.332243E-008, -9.010619, -7.332243E-008, -9.010619, 0, 0
Line.FJ33E1280|46E1040, 0.2120935, -8.062496, 0.2120935, -8.062496, 0, 0
Line.EL_210904228, 0.02249345, -18.85075, 0.02249345, -18.85075, 0, 0
Line.EL_210904265, 0.00200597, -1.675612, 0.00200597, -1.675612, 0, 0
Line.EL_210904254, 0.03158771, -26.39074, 0.03158771, -26.39074, 0, 0
Line.EL_234023055, 233.9202, 415.7742, 233.9202, 415.7742, 0, 0
Line.EL_169668722, 5.15445E-006, -0.4009373, 5.15445E-006, -0.4009373, 0, 0
Line.EL_234023019, 23.99187, 42.64375, 23.99187, 42.64375, 0, 0
Line.EL_210347705, 6.119873, -4.216291, 6.119873, -4.216291, 0, 0
Line.EL_163004618, 6.225581, -3.163333, 6.225581, -3.163333, 0, 0
Line.EL_626940, 0.0532822, -0.1720935, 0.0532822, -0.1720935, 0, 0
Line.EL_626718, 4.54668, -26.99899, 4.54668, -26.99899, 0, 0
Line.EL_626704, 21.01007, -10.68048, 21.01007, -10.68048, 0, 0
Line.EL_625068, 0.0003061056, -0.1995239, 0.0003061056, -0.1995239, 0, 0
Line.EL_626732, 1.06174, -7.836331, 1.06174, -7.836331, 0, 0
Line.EL_626698, 11.12154, -2.424949, 11.12154, -2.424949, 0, 0
Line.EL_626738, -5.880072E-007, -6.190243, -5.880072E-007, -6.190243, 0, 0
Line.EL_626682, 14.64736, -3.195537, 14.64736, -3.195537, 0, 0
Line.EL_220107462, -4.028128E-006, -0.1998314, -4.028128E-006, -0.1998314, 0, 0
Line.EL_198465482, 94.77165, 16.9594, 94.77165, 16.9594, 0, 0
Line.EL_198465399, 0.08944964, -0.1670186, 0.08944964, -0.1670186, 0, 0
Line.EL_626766, 3.202789, -0.9388893, 3.202789, -0.9388893, 0, 0
Line.EL_626802, 0.3492548, -3.018669, 0.3492548, -3.018669, 0, 0
Line.EL_626672, 205.1526, 85.78149, 205.1526, 85.78149, 0, 0
Line.EL_626808, 1.899328, -16.41317, 1.899328, -16.41317, 0, 0
Line.EL_626664, 186.8657, 81.68924, 186.8657, 81.68924, 0, 0
Line.EL_626818, 4.721713E-007, -3.599488, 4.721713E-007, -3.599488, 0, 0
Line.EL_625062, 0.03287794, -0.1832276, 0.03287794, -0.1832276, 0, 0
Line.EL_211343847, 54.5883, 84.63004, 54.5883, 84.63004, 0, 0
Line.EL_220510780, 451.2221, 204.7284, 451.2221, 204.7284, 0, 0
Line.EL_626642, 1.5529, 2.410876, 1.5529, 2.410876, 0, 0
Line.EL_211343849, -4.673561E-006, -0.2005645, -4.673561E-006, -0.2005645, 0, 0
Line.EL_627048, 5.643626, 0.1175199, 5.643626, 0.1175199, 0, 0
Line.EL_627054, 38.70042, 0.8101106, 38.70042, 0.8101106, 0, 0
Line.EL_217946405, 0.1031444, -0.1681972, 0.1031444, -0.1681972, 0, 0
Line.EL_627064, 5.600497, -4.316434, 5.600497, -4.316434, 0, 0
Line.EL_627070, 1.727321, -4.920625, 1.727321, -4.920625, 0, 0
Line.EL_123444118, 1.906099, -5.429352, 1.906099, -5.429352, 0, 0
Line.FN36L0928|36L1030, 0.448016, -20.17665, 0.448016, -20.17665, 0, 0
Line.EL_214324, 0.08199665, -32.85961, 0.08199665, -32.85961, 0, 0
Line.EL_214340, 1.03647E-005, -2.304081, 1.03647E-005, -2.304081, 0, 0
Line.EL_112670279, 9.936087E-006, -1.047301, 9.936087E-006, -1.047301, 0, 0
Line.EL_211612902, 4.284958E-005, -7.121582, 4.284958E-005, -7.121582, 0, 0
Line.EL_151531036, 0.7453715, 0.1868858, 0.7453715, 0.1868858, 0, 0
Line.EL_214212301, 2.981459, 0.7475534, 2.981459, 0.7475534, 0, 0
Line.EL_220107294, 1.072082E-006, -0.3992928, 1.072082E-006, -0.3992928, 0, 0
Line.EL_626022, 435.9803, 771.3188, 435.9803, 771.3188, 0, 0
Line.EL_151531023, 132.6072, 231.5479, 132.6072, 231.5479, 0, 0
Line.EL_626042, 654.0806, 1159.451, 654.0806, 1159.451, 0, 0
Line.EL_172667278, 2.015895E-006, -0.2000294, 2.015895E-006, -0.2000294, 0, 0
Line.EL_172667268, 235.4665, 417.3908, 235.4665, 417.3908, 0, 0
Line.EL_208105160, 64.32013, 114.0725, 64.32013, 114.0725, 0, 0
Line.EL_208105154, 0.01982568, -0.1898393, 0.01982568, -0.1898393, 0, 0
Line.EL_201856656, 836.6959, 1485.689, 836.6959, 1485.689, 0, 0
Line.EL_196362096, 107.9635, 191.8979, 107.9635, 191.8979, 0, 0
Line.EL_234023008, 29.98984, 53.30477, 29.98984, 53.30477, 0, 0
Line.EL_234023049, 1.383817E-005, -0.4008771, 1.383817E-005, -0.4008771, 0, 0
Line.EL_626746, 0.2630261, -1.465762, 0.2630261, -1.465762, 0, 0
Line.EL_626752, 3.84728, -21.43509, 3.84728, -21.43509, 0, 0
Line.EL_626996, 0.04716578, -32.92453, 0.04716578, -32.92453, 0, 0
Line.EL_627008, 0.0588469, -40.90542, 0.0588469, -40.90542, 0, 0
Line.EL_627022, 0.004028803, -2.793508, 0.004028803, -2.793508, 0, 0
Line.EL_627028, 0.05393905, -37.31287, 0.05393905, -37.31287, 0, 0
Line.EL_627042, 1.740633E-007, -7.787596, 1.740633E-007, -7.787596, 0, 0
Line.EL_64437605, 8.438521E-006, -1.198148, 8.438521E-006, -1.198148, 0, 0
Line.EL_64437593, 9.629192E-005, -16.57441, 9.629192E-005, -16.57441, 0, 0
Line.EL_626984, 0.2097068, -8.478088, 0.2097068, -8.478088, 0, 0
Line.EL_64437583, 0.1975798, -8.08486, 0.1975798, -8.08486, 0, 0
Line.EL_626954, 2.100787, -15.08534, 2.100787, -15.08534, 0, 0
Line.EL_626948, 5.16951, -16.69082, 5.16951, -16.69082, 0, 0
Line.EL_626964, 0.3372015, -2.420979, 0.3372015, -2.420979, 0, 0
Line.EL_626970, 1.271078, -9.124921, 1.271078, -9.124921, 0, 0
Line.EL_626978, -1.795049E-008, -7.18815, -1.795049E-008, -7.18815, 0, 0
Line.EL_214407296, 0.1042656, -5.940527, 0.1042656, -5.940527, 0, 0
Line.EL_214407207, 0.07031517, -0.3631781, 0.07031517, -0.3631781, 0, 0
Line.EL_198465387, 1.789358, -3.339572, 1.789358, -3.339572, 0, 0
Line.EL_198465393, 1.07359, -2.003823, 1.07359, -2.003823, 0, 0
Line.EL_198465405, 5.367645, -10.02002, 5.367645, -10.02002, 0, 0
Line.EL_626794, 3.356599, -9.253798, 3.356599, -9.253798, 0, 0
Line.EL_626782, 6.1632, -16.99581, 6.1632, -16.99581, 0, 0
Line.EL_626772, 21.68127, -6.352706, 21.68127, -6.352706, 0, 0
Line.EL_160161455, 0.01094447, -0.1948403, 0.01094447, -0.1948403, 0, 0
Line.EL_123444169, 0.5830705, -5.713386, 0.5830705, -5.713386, 0, 0
Line.EL_123444158, 2.144672, -6.106971, 2.144672, -6.106971, 0, 0
Line.EL_123444195, 2.157772, -21.13814, 2.157772, -21.13814, 0, 0
Line.EL_123444145, 1.727565, -4.919797, 1.727565, -4.919797, 0, 0
Line.EL_123444216, 2.722436, -26.65762, 2.722436, -26.65762, 0, 0
Line.EL_123444132, 1.787055, -5.089719, 1.787055, -5.089719, 0, 0
Line.EL_123444232, 0.1555993, -1.523187, 0.1555993, -1.523187, 0, 0
Line.EL_123444103, 1.614537, -15.8024, 1.614537, -15.8024, 0, 0
Line.EL_209732172, 6.17835, -24.60232, 6.17835, -24.60232, 0, 0
Line.EL_627076, 9.387742, -15.30366, 9.387742, -15.30366, 0, 0
Line.EL_209732178, 0.5533701, -2.202929, 0.5533701, -2.202929, 0, 0
Line.EL_209732189, 0.9684338, -3.855022, 0.9684338, -3.855022, 0, 0
Line.EL_625962, 0.3429853, -7.727915, 0.3429853, -7.727915, 0, 0
Line.EL_14940085, 0.1143353, -2.57593, 0.1143353, -2.57593, 0, 0
Line.EL_56595036, 1.85817, -16.912, 1.85817, -16.912, 0, 0
Line.EL_9073256, 0.08713654, -2.141468, 0.08713654, -2.141468, 0, 0
Line.EL_14940087, 7.172283E-008, -21.07105, 7.172283E-008, -21.07105, 0, 0
Line.EL_626426, 6.614589, 10.78524, 6.614589, 10.78524, 0, 0
Line.EL_625974, 65.99096, 110.155, 65.99096, 110.155, 0, 0
Line.EL_9073265, 0.7447834, -18.29927, 0.7447834, -18.29927, 0, 0
Line.EL_190655651, 8.357174E-007, -0.3975735, 8.357174E-007, -0.3975735, 0, 0
Line.EL_190655653, -2.422643E-006, -0.1987707, -2.422643E-006, -0.1987707, 0, 0
Line.EL_625980, 453.2859, 221.3389, 453.2859, 221.3389, 0, 0
Line.EL_137037370, 0.2138314, -3.272616, 0.2138314, -3.272616, 0, 0
Line.EL_98744831, 8.853392E-006, -0.1194259, 8.853392E-006, -0.1194259, 0, 0
Line.EL_61694817, 236.2198, 115.9295, 236.2198, 115.9295, 0, 0
Line.EL_61694827, -9.655057E-006, -0.1991667, -9.655057E-006, -0.1991667, 0, 0
Line.EL_625988, 102.5087, 174.2758, 102.5087, 174.2758, 0, 0
Line.EL_56819036, 576.9081, 982.096, 576.9081, 982.096, 0, 0
Line.EL_625050, 0.0008139506, -0.198759, 0.0008139506, -0.198759, 0, 0
Line.EL_62928890, 141.8596, 247.7067, 141.8596, 247.7067, 0, 0
Line.EL_625056, 0.6389424, 0.1318201, 0.6389424, 0.1318201, 0, 0
Line.EL_626890, 24.74006, 0.8841006, 24.74006, 0.8841006, 0, 0
Line.EL_626922, 4.186529, -19.12856, 4.186529, -19.12856, 0, 0
Line.EL_626882, 11.84683, -5.79999, 11.84683, -5.79999, 0, 0
Line.EL_626898, 24.32687, 0.8665112, 24.32687, 0.8665112, 0, 0
Line.EL_626932, 2.504501, -11.44001, 2.504501, -11.44001, 0, 0
Line.EL_626870, 5.283301, -21.34294, 5.283301, -21.34294, 0, 0
Line.EL_626908, 54.01088, 1.913829, 54.01088, 1.913829, 0, 0
Line.EL_626862, 1.746803, -7.054665, 1.746803, -7.054665, 0, 0
Line.EL_220107376, 31.98601, 7.22185, 31.98601, 7.22185, 0, 0
Line.EL_626854, 2.227359, -8.994084, 2.227359, -8.994084, 0, 0
Line.EL_220107370, 12.93032, 2.918816, 12.93032, 2.918816, 0, 0
Line.EL_626846, 1.5287, -6.172011, 1.5287, -6.172011, 0, 0
Line.EL_220107364, 91.87006, 20.7281, 91.87006, 20.7281, 0, 0
Line.EL_196599556, 0.7652083, -7.164665, 0.7652083, -7.164665, 0, 0
Line.EL_220107348, 4.763477, 1.074273, 4.763477, 1.074273, 0, 0
Line.EL_154512169, 0.8163614, -14.50011, 0.8163614, -14.50011, 0, 0
Line.EL_220107342, 47.63394, 10.73989, 47.63394, 10.73989, 0, 0
Line.EL_626824, 4.70441E-007, -38.99915, 4.70441E-007, -38.99915, 0, 0
Line.EL_154512175, 0.1089424, -1.933253, 0.1089424, -1.933253, 0, 0
Line.EL_220107336, 11.56801, 2.607486, 11.56801, 2.607486, 0, 0
Line.EL_154512181, 0.3486409, -6.186317, 0.3486409, -6.186317, 0, 0
Line.EL_220107330, 47.63204, 10.73353, 47.63204, 10.73353, 0, 0
Line.EL_154512193, 0.3813735, -6.766129, 0.3813735, -6.766129, 0, 0
Line.EL_151531009, 57.39428, 14.39416, 57.39428, 14.39416, 0, 0
Line.EL_154512199, 0.3814216, -6.765967, 0.3814216, -6.765967, 0, 0
Line.EL_214212309, 0.7453679, 0.1868988, 0.7453679, 0.1868988, 0, 0
Line.EL_220107288, -1.237951E-005, -0.1996412, -1.237951E-005, -0.1996412, 0, 0
Line.EL_154512205, 0.3814701, -6.765805, 0.3814701, -6.765805, 0, 0
Line.EL_208105181, 0.1189994, -1.139051, 0.1189994, -1.139051, 0, 0
Line.EL_172667262, 2.04054E-007, -8.601104, 2.04054E-007, -8.601104, 0, 0
Line.EL_626990, 1.628318E-005, -2.59599, 1.628318E-005, -2.59599, 0, 0
Line.EL_198465381, 0.1553662, -0.5424149, 0.1553662, -0.5424149, 0, 0
Line.EL_160161449, 0.0438262, -0.7793792, 0.0438262, -0.7793792, 0, 0
Line.EL_160161461, 0.3725501, -6.624646, 0.3725501, -6.624646, 0, 0
Line.EL_626584, 6.579938E-005, -27.06814, 6.579938E-005, -27.06814, 0, 0
Line.EL_626578, -2.27201E-006, -0.7961211, -2.27201E-006, -0.7961211, 0, 0
Line.EL_61694805, -2.214686E-005, -0.1991125, -2.214686E-005, -0.1991125, 0, 0
Line.EL_212058640, 5.427034E-005, -21.90907, 5.427034E-005, -21.90907, 0, 0
Line.EL_212058614, 0.09587413, -22.85545, 0.09587413, -22.85545, 0, 0
Line.EL_626608, 0.1912922, -45.71237, 0.1912922, -45.71237, 0, 0
Line.EL_626602, 0.0157761, -3.776326, 0.0157761, -3.776326, 0, 0
Line.EL_626636, 12.14015, 2.505006, 12.14015, 2.505006, 0, 0
Line.EL_137037376, 0.4403135, -6.737495, 0.4403135, -6.737495, 0, 0
Line.EL_219539432, 0.2767404, -4.235087, 0.2767404, -4.235087, 0, 0
Line.EL_137037382, 0.01454715, -6.958203, 0.01454715, -6.958203, 0, 0
Line.EL_137037394, 0.0103963, -4.970126, 0.0103963, -4.970126, 0, 0
Line.EL_137037436, 0.007072336, -3.379676, 0.007072336, -3.379676, 0, 0
Line.EL_137037430, 0.01415221, -6.759329, 0.01415221, -6.759329, 0, 0
Line.EL_208565511, 47.58708, 17.55673, 47.58708, 17.55673, 0, 0
Line.EL_626456, 509.9737, 212.7787, 509.9737, 212.7787, 0, 0
Line.EL_626540, 20.23892, 5.551212, 20.23892, 5.551212, 0, 0
Line.EL_626484, 4.686852, -12.40256, 4.686852, -12.40256, 0, 0
Line.EL_201732143, 177.455, 81.51653, 177.455, 81.51653, 0, 0
Line.EL_626546, 6.476497, 1.776537, 6.476497, 1.776537, 0, 0
Line.EL_120554291, 0.08456469, -8.064444, 0.08456469, -8.064444, 0, 0
Line.EL_120554268, 0.08370204, -0.3521229, 0.08370204, -0.3521229, 0, 0
Line.EL_201732131, 0.0003799749, -0.1981181, 0.0003799749, -0.1981181, 0, 0
Line.EL_626432, 752.4266, 346.5157, 752.4266, 346.5157, 0, 0
Line.EL_201843787, 5.207712, -26.96005, 5.207712, -26.96005, 0, 0
Line.EL_245561035, 75.84431, 9.874717, 75.84431, 9.874717, 0, 0
Line.EL_151204784, 46.30232, 75.49796, 46.30232, 75.49796, 0, 0
Line.EL_151204794, 0.06023238, -0.1675138, 0.06023238, -0.1675138, 0, 0
Line.EL_201843781, 0.03471898, -0.1797036, 0.03471898, -0.1797036, 0, 0
Line.EL_198312009, -6.634488E-006, -0.1976486, -6.634488E-006, -0.1976486, 0, 0
Line.EL_201886743, 25.43203, 3.307553, 25.43203, 3.307553, 0, 0
Line.EL_626552, 14.97767, -14.55934, 14.97767, -14.55934, 0, 0
Line.EL_201886709, 0.1795632, -0.1316833, 0.1795632, -0.1316833, 0, 0
Line.EL_209338709, 1.362859E-005, -7.902294, 1.362859E-005, -7.902294, 0, 0
Line.EL_209338725, 9.319027E-005, -43.85771, 9.319027E-005, -43.85771, 0, 0
Line.EL_209338741, 2.45517E-006, -1.3829, 2.45517E-006, -1.3829, 0, 0
Line.EL_209338772, 1.772028E-005, -6.914501, 1.772028E-005, -6.914501, 0, 0
Line.EL_190655655, 0, 0, 0, 0, 0, 0
Line.EL_626596, 1.275985E-006, -1.194181, 1.275985E-006, -1.194181, 0, 0
Line.EL_626624, 1.613258E-006, -1.19504, 1.613258E-006, -1.19504, 0, 0
Line.EL_626572, 8.925072E-006, -3.358472, 8.925072E-006, -3.358472, 0, 0
Line.EL_201886715, 2.513748, -1.843494, 2.513748, -1.843494, 0, 0
Line.EL_195776944, 0.02048112, -7.131812, 0.02048112, -7.131812, 0, 0
Line.EL_195777053, 0.1157562, -40.41442, 0.1157562, -40.41442, 0, 0
Line.EL_201843793, 6.563971, -33.96204, 6.563971, -33.96204, 0, 0
Line.EL_198311978, 8.687719E-006, -1.976391, 8.687719E-006, -1.976391, 0, 0
Line.EL_198274278, 1.256176, -18.91104, 1.256176, -18.91104, 0, 0
Line.EL_198274284, 2.116115, -31.8366, 2.116115, -31.8366, 0, 0
Line.EL_626528, 0.06202209, -0.9562513, 0.06202209, -0.9562513, 0, 0
Line.EL_626518, 4.606511, -19.35754, 4.606511, -19.35754, 0, 0
Line.EL_626534, 0.2853094, -4.398696, 0.2853094, -4.398696, 0, 0
Line.EL_626512, 0.7118314, -2.9919, 0.7118314, -2.9919, 0, 0
Line.EL_626496, 10.04702, -42.24653, 10.04702, -42.24653, 0, 0
Line.EL_626490, 0.2092686, -0.8802945, 0.2092686, -0.8802945, 0, 0
Line.EL_120554276, 0.357145, -34.02694, 0.357145, -34.02694, 0, 0
Line.EL_151204772, 1.32515, -3.685355, 1.32515, -3.685355, 0, 0
Line.EL_201843769, 1.320042, -6.827323, 1.320042, -6.827323, 0, 0
Line.EL_198274262, 0.1539549, -2.31522, 0.1539549, -2.31522, 0, 0
Line.DISJ_AGF01I2, 374.6578, 374.5792, 374.6578, 374.5792, 0, 0
Line.SG92E2724, 374.6587, 374.5805, 374.6587, 374.5805, 0, 0
Line.SF34E0409, 353.8232, 353.7458, 353.8232, 353.7458, 0, 0
Line.FH94E0506, 0.299022, 0.2213582, 0.299022, 0.2213582, 0, 0
Line.SU91E5628, 353.5749, 353.503, 353.5749, 353.503, 0, 0
Line.FU91S5343, 4.442846E-005, -0.07232689, 4.442846E-005, -0.07232689, 0, 0
Line.FF34E0585, 0.09899777, 0.02133223, 0.09899777, 0.02133223, 0, 0
Line.FU91E5131, -7.388379E-006, -0.07170251, -7.388379E-006, -0.07170251, 0, 0
Line.4U91E5732, 247.9446, 247.8731, 247.9446, 247.8731, 0, 0
Line.SU91E5061, 4.440221, 4.368539, 4.440221, 4.368539, 0, 0
Line.FK27E0971, 0.001423052, -0.07046466, 0.001423052, -0.07046466, 0, 0
Line.FJ42E1040, 0.08596835, 0.01417078, 0.08596835, 0.01417078, 0, 0
Line.SU91E5732, 247.9446, 247.8731, 247.9446, 247.8731, 0, 0
Line.FU91E4687, 0.06969458, -0.001911146, 0.06969458, -0.001911146, 0, 0
Line.FU91E4961, 0.0297023, -0.04195547, 0.0297023, -0.04195547, 0, 0
Line.FU91E4765, 0.02078337, -0.05082648, 0.02078337, -0.05082648, 0, 0
Line.FU91E4939, 0.05828308, -0.01335597, 0.05828308, -0.01335597, 0, 0
Line.FU91E5016, 0.1548659, 0.08319807, 0.1548659, 0.08319807, 0, 0
Line.FH94S2125, 0.7953089, 0.7237169, 0.7953089, 0.7237169, 0, 0
Line.5U91E5732, 247.9446, 247.8731, 247.9446, 247.8731, 0, 0
Line.FG71L1039, 0.1548633, 0.08320603, 0.1548633, 0.08320603, 0, 0
Line.FY41L1000, 0.726923, 0.6553782, 0.726923, 0.6553782, 0, 0
Line.SF52E3309, 3.38892E-007, -0.07145561, 3.38892E-007, -0.07145561, 0, 0
Line.SF90E1336, 233.1689, 233.0986, 233.1689, 233.0986, 0, 0
Line.FT21E2000, 0.00168777, -0.06901391, 0.00168777, -0.06901391, 0, 0
Line.FF90E1021, 0.03366286, -0.03723248, 0.03366286, -0.03723248, 0, 0
Line.SF90E1636, 219.7487, 219.679, 219.7487, 219.679, 0, 0
Line.FF97E0022, 0.0817725, 0.0118191, 0.0817725, 0.0118191, 0, 0
Line.SF90E1890, 212.275, 212.2058, 212.275, 212.2058, 0, 0
Line.FF90E1843, 0.06469967, -0.004619236, 0.06469967, -0.004619236, 0, 0
Line.FN18E0003, 0.009771535, -0.06016013, 0.009771535, -0.06016013, 0, 0
Line.FK30E1753, 0.004362096, -0.06554628, 0.004362096, -0.06554628, 0, 0
Line.RF90E2085, 210.5777, 210.5088, 210.5777, 210.5088, 0, 0
Line.D.RF90E2085, -1.831965E-006, -0.068873, -1.831965E-006, -0.068873, 0, 0
Line.SF90E2130, 210.5778, 210.509, 210.5778, 210.509, 0, 0
Line.SF90E2165, 13.08931, 13.02055, 13.08931, 13.02055, 0, 0
Line.4I02E4429, 111.0962, 111.0283, 111.0962, 111.0283, 0, 0
Line.FI02E4712, 0.04073056, -0.02758583, 0.04073056, -0.02758583, 0, 0
Line.SF90E2418, 13.08979, 13.02116, 13.08979, 13.02116, 0, 0
Line.RI02E4429, 111.0962, 111.0283, 111.0962, 111.0283, 0, 0
Line.SF90E3628, 12.33755, 12.2695, 12.33755, 12.2695, 0, 0
Line.5I02E4429, 111.0963, 111.0283, 111.0963, 111.0283, 0, 0
Line.FF90E3763, -1.242088E-005, -0.06798192, -1.242088E-005, -0.06798192, 0, 0
Line.SF90E3942, -2.97912E-006, -0.06791634, -2.97912E-006, -0.06791634, 0, 0
Line.SF90E4254, 7.379276, 7.311462, 7.379276, 7.311462, 0, 0
Line.SJ32E1001, 0.6313118, 0.5633584, 0.6313118, 0.5633584, 0, 0
Line.FF90E4120, -1.082195E-005, -0.06787391, -1.082195E-005, -0.06787391, 0, 0
Line.SI02E4385, 111.0965, 111.0286, 111.0965, 111.0286, 0, 0
Line.SF90E4501, 6.589809, 6.522084, 6.589809, 6.522084, 0, 0
Line.FF90E4362, 0.02023391, -0.0475257, 0.02023391, -0.0475257, 0, 0
Line.FF90E4431, 4.376275E-005, -0.06770234, 4.376275E-005, -0.06770234, 0, 0
Line.D.RJ32E1022, 0.6313108, 0.5633694, 0.6313108, 0.5633694, 0, 0
Line.FI02E4262, 0.127491, 0.0597891, 0.127491, 0.0597891, 0, 0
Line.FI02E3585, 0.005807732, -0.06107141, 0.005807732, -0.06107141, 0, 0
Line.SI02E3446, 87.93428, 87.86754, 87.93428, 87.86754, 0, 0
Line.FI83E1122, 9.747365E-005, -0.06680539, 9.747365E-005, -0.06680539, 0, 0
Line.FI02E3681, 0.01181716, -0.05519193, 0.01181716, -0.05519193, 0, 0
Line.FI02E3869, -5.919481E-006, -0.06723874, -5.919481E-006, -0.06723874, 0, 0
Line.FI02E4204, -3.502935E-006, -0.06763202, -3.502935E-006, -0.06763202, 0, 0
Line.SF90E4563, 6.589867, 6.522163, 6.589867, 6.522163, 0, 0
Line.FZ04L1127, 0.005883684, -0.06186495, 0.005883684, -0.06186495, 0, 0
Line.RJ32E1022, 0.6313001, 0.5633559, 0.6313001, 0.5633559, 0, 0
Line.SI02E3152, 84.88939, 84.82302, 84.88939, 84.82302, 0, 0
Line.FI02E3347, 0.003666811, -0.0629332, 0.003666811, -0.0629332, 0, 0
Line.FI02E3422, 0.009705535, -0.05699041, 0.009705535, -0.05699041, 0, 0
Line.FF90E5031, 5.149227, 5.081664, 5.149227, 5.081664, 0, 0
Line.FF90E5064, 0.01047075, -0.05709905, 0.01047075, -0.05709905, 0, 0
Line.FJ32E1485, 0.01167476, -0.05618369, 0.01167476, -0.05618369, 0, 0
Line.SJ32E1767, 0.1354237, 0.06759312, 0.1354237, 0.06759312, 0, 0
Line.SF61E2020, 62.86479, 62.79956, 62.86479, 62.79956, 0, 0
Line.FF61E2081, 0.006099854, -0.05916419, 0.006099854, -0.05916419, 0, 0
Line.FF61E2782, 0.1752749, 0.1092962, 0.1752749, 0.1092962, 0, 0
Line.FF61E2828, 5.712355E-008, -0.06602861, 5.712355E-008, -0.06602861, 0, 0
Line.FF61E2958, 0.005954446, -0.06021963, 0.005954446, -0.06021963, 0, 0
Line.FF64E0005, 0.02928132, -0.03624329, 0.02928132, -0.03624329, 0, 0
Line.FF99E0272, 0.01962697, -0.04774498, 0.01962697, -0.04774498, 0, 0
Line.FF99E0295, 1.114706E-005, -0.06735243, 1.114706E-005, -0.06735243, 0, 0
Line.FF99E0310, 0.1660098, 0.09865635, 0.1660098, 0.09865635, 0, 0
Line.FJ32E2030, 0.000503095, -0.06729891, 0.000503095, -0.06729891, 0, 0
Line.SJ33E1010, 0.06928322, 0.001474393, 0.06928322, 0.001474393, 0, 0
Line.FJ32E2110, 0.006694224, -0.06110644, 0.006694224, -0.06110644, 0, 0
Line.SF61E1751, 59.66509, 59.60011, 59.66509, 59.60011, 0, 0
Line.FF24E1155, -2.139313E-006, -0.06594844, -2.139313E-006, -0.06594844, 0, 0
Line.FJ33E1545, 0.001758855, -0.06601941, 0.001758855, -0.06601941, 0, 0
Line.FJ33E1599, 0.000698877, -0.0670692, 0.000698877, -0.0670692, 0, 0
Line.SJ33E1533, 0.01358161, -0.05419358, 0.01358161, -0.05419358, 0, 0
Line.FJ33E1280, 0.006113357, -0.06167273, 0.006113357, -0.06167273, 0, 0
Line.FT17L0685, 0.0002675816, -0.0675308, 0.0002675816, -0.0675308, 0, 0
Line.SF61E1652, 26.88456, 26.81968, 26.88456, 26.81968, 0, 0
Line.FU22E2000, 3.480306, 3.415414, 3.480306, 3.415414, 0, 0
Line.FF61E1708, 0.4539588, 0.3890391, 0.4539588, 0.3890391, 0, 0
Line.FN36L0928, 0.002909028, -0.06485226, 0.002909028, -0.06485226, 0, 0
Line.FI91L2509, 0.0003231526, -0.06743738, 0.0003231526, -0.06743738, 0, 0
Line.FI91L2615, -6.454605E-006, -0.06777087, -6.454605E-006, -0.06777087, 0, 0
Line.FI91L2659, -8.105157E-006, -0.06776435, -8.105157E-006, -0.06776435, 0, 0
Line.FI91L2753, -1.703333E-005, -0.06776618, -1.703333E-005, -0.06776618, 0, 0
Line.SF61E1614, 26.88464, 26.81979, 26.88464, 26.81979, 0, 0
Line.FU22E2223, 0.037024, -0.02776662, 0.037024, -0.02776662, 0, 0
Line.FU22E2985, 0.0003244728, -0.06428419, 0.0003244728, -0.06428419, 0, 0
Line.FU22E2836, 0.06000611, -0.004604385, 0.06000611, -0.004604385, 0, 0
Line.FU22E2563, 0.06838768, 0.003720247, 0.06838768, 0.003720247, 0, 0
Line.FM94L1000, 0.277442, 0.2127402, 0.277442, 0.2127402, 0, 0
Line.FO35E2222, 0.06707908, 0.002195763, 0.06707908, 0.002195763, 0, 0
Line.FO35E2124, 0.06513831, 0.0002453785, 0.06513831, 0.0002453785, 0, 0
Line.SF61E1144, 13.82292, 13.75836, 13.82292, 13.75836, 0, 0
Line.FX52E2120, 0.839369, 0.7747792, 0.839369, 0.7747792, 0, 0
Line.FF61E1445, 0.02233133, -0.04241686, 0.02233133, -0.04241686, 0, 0
Line.FF61E1388, -2.677924E-006, -0.06471529, -2.677924E-006, -0.06471529, 0, 0
Line.FI35L1084, -1.181525E-005, -0.06460425, -1.181525E-005, -0.06460425, 0, 0
Line.FD51L0211, 0.03959341, -0.0250542, 0.03959341, -0.0250542, 0, 0
Line.FO35E2319, 0.01234161, -0.05253305, 0.01234161, -0.05253305, 0, 0
Line.FF61E0676, -6.946773E-006, -0.06438734, -6.946773E-006, -0.06438734, 0, 0
Line.FF61E0708, -1.005931E-006, -0.06441268, -1.005931E-006, -0.06441268, 0, 0
Line.FF61E0767, 0.0009321179, -0.06350987, 0.0009321179, -0.06350987, 0, 0
Line.FF61E1084, 0.7195453, 0.6549915, 0.7195453, 0.6549915, 0, 0
Line.FF93E0732, 0.01415935, -0.05022792, 0.01415935, -0.05022792, 0, 0
Line.FF98E1004, 4.941419, 4.877107, 4.941419, 4.877107, 0, 0
Line.FF93E0896, 6.390795E-007, -0.06439401, 6.390795E-007, -0.06439401, 0, 0
Line.FT55E1989, -4.177952E-006, -0.06443452, -4.177952E-006, -0.06443452, 0, 0
Line.FZ83L1034, -2.145273E-006, -0.0639091, -2.145273E-006, -0.0639091, 0, 0
Line.FE36L1428, 0.1372671, 0.07335248, 0.1372671, 0.07335248, 0, 0
Line.FF98E1264, 0.0004234055, -0.06373223, 0.0004234055, -0.06373223, 0, 0
Line.FF98E1400, 0.03909398, -0.02487707, 0.03909398, -0.02487707, 0, 0
Line.FE36L1488, -1.246996E-005, -0.06395152, -1.246996E-005, -0.06395152, 0, 0
Line.FF87E0218, 0.04712935, -0.01685244, 0.04712935, -0.01685244, 0, 0
Line.FF87E0247, 0.002309176, -0.06166022, 0.002309176, -0.06166022, 0, 0
Line.FF98E1042, 0.06782897, 0.003524857, 0.06782897, 0.003524857, 0, 0
Line.FI32E3228, 0.03910297, -0.02483986, 0.03910297, -0.02483986, 0, 0
Line.FF78L0804, 0.009796776, -0.05413916, 0.009796776, -0.05413916, 0, 0
